question_id,article_id,overall_score,passed,checks_passed,checks_total,grammatical_parallel,plausibility,homogeneity,specificity_balance,standard_alignment,clarity_precision,single_correct_answer,passage_reference,length_check,too_close,difficulty_assessment
quiz_302005,article_101001,0.9090909090909091,True,10,11,1,1,1,1,1,1,1,1,0,1,1
quiz_302005_sibling_1,article_101001,1.0,True,11,11,1,1,1,1,1,1,1,1,1,1,1
quiz_302005_sibling_2,article_101001,1.0,True,11,11,1,1,1,1,1,1,1,1,1,1,1
quiz_302005_sibling_3,article_101001,1.0,True,11,11,1,1,1,1,1,1,1,1,1,1,1
quiz_302005_sibling_4,article_101001,1.0,True,11,11,1,1,1,1,1,1,1,1,1,1,1
quiz_302006,article_101001,0.9090909090909091,True,10,11,0,1,1,1,1,1,1,1,1,1,1
quiz_302006_sibling_1,article_101001,1.0,True,11,11,1,1,1,1,1,1,1,1,1,1,1
quiz_302006_sibling_2,article_101001,0.8181818181818182,True,9,11,1,0,1,1,1,1,1,1,0,1,1
quiz_302006_sibling_3,article_101001,1.0,True,11,11,1,1,1,1,1,1,1,1,1,1,1
quiz_302006_sibling_4,article_101001,0.8181818181818182,True,9,11,1,1,1,1,1,1,1,1,0,1,0
quiz_302007,article_101001,1.0,True,11,11,1,1,1,1,1,1,1,1,1,1,1
quiz_302007_sibling_1,article_101001,1.0,True,11,11,1,1,1,1,1,1,1,1,1,1,1
quiz_302007_sibling_2,article_101001,0.9090909090909091,True,10,11,1,1,1,1,1,1,1,1,0,1,1
quiz_302007_sibling_3,article_101001,1.0,True,11,11,1,1,1,1,1,1,1,1,1,1,1
quiz_302007_sibling_4,article_101001,1.0,True,11,11,1,1,1,1,1,1,1,1,1,1,1
quiz_302008,article_101001,0.9090909090909091,True,10,11,0,1,1,1,1,1,1,1,1,1,1
quiz_302008_sibling_1,article_101001,0.8181818181818182,True,9,11,1,1,1,1,1,1,1,1,0,1,0
quiz_302008_sibling_2,article_101001,1.0,True,11,11,1,1,1,1,1,1,1,1,1,1,1
quiz_302008_sibling_3,article_101001,1.0,True,11,11,1,1,1,1,1,1,1,1,1,1,1
quiz_302008_sibling_4,article_101001,0.9090909090909091,True,10,11,1,1,1,1,1,1,1,1,0,1,1
quiz_302013,article_101002,0.9090909090909091,True,10,11,1,0,1,1,1,1,1,1,1,1,1
quiz_302013_sibling_1,article_101002,1.0,True,11,11,1,1,1,1,1,1,1,1,1,1,1
quiz_302013_sibling_2,article_101002,0.9090909090909091,True,10,11,1,1,1,1,1,1,1,1,0,1,1
quiz_302013_sibling_3,article_101002,1.0,True,11,11,1,1,1,1,1,1,1,1,1,1,1
quiz_302013_sibling_4,article_101002,0.8181818181818182,True,9,11,1,0,1,1,1,1,1,1,1,1,0
quiz_302014,article_101002,0.9090909090909091,True,10,11,1,1,1,1,0,1,1,1,1,1,1
quiz_302014_sibling_1,article_101002,1.0,True,11,11,1,1,1,1,1,1,1,1,1,1,1
quiz_302014_sibling_2,article_101002,1.0,True,11,11,1,1,1,1,1,1,1,1,1,1,1
quiz_302014_sibling_3,article_101002,0.9090909090909091,True,10,11,1,1,1,1,1,1,1,1,0,1,1
quiz_302014_sibling_4,article_101002,1.0,True,11,11,1,1,1,1,1,1,1,1,1,1,1
quiz_302015,article_101002,0.7272727272727273,False,8,11,1,0,0,1,0,1,1,1,1,1,1
quiz_302015_sibling_1,article_101002,0.8181818181818182,True,9,11,1,0,1,1,1,1,1,1,1,1,0
quiz_302015_sibling_2,article_101002,0.9090909090909091,True,10,11,1,1,1,1,1,1,1,1,0,1,1
quiz_302015_sibling_3,article_101002,0.9090909090909091,True,10,11,1,1,1,1,0,1,1,1,1,1,1
quiz_302015_sibling_4,article_101002,0.9090909090909091,True,10,11,1,0,1,1,1,1,1,1,1,1,1
quiz_302016,article_101002,0.8181818181818182,True,9,11,1,0,1,1,1,1,1,1,0,1,1
quiz_302016_sibling_1,article_101002,1.0,True,11,11,1,1,1,1,1,1,1,1,1,1,1
quiz_302016_sibling_2,article_101002,1.0,True,11,11,1,1,1,1,1,1,1,1,1,1,1
quiz_302016_sibling_3,article_101002,1.0,True,11,11,1,1,1,1,1,1,1,1,1,1,1
quiz_302016_sibling_4,article_101002,0.8181818181818182,True,9,11,1,0,1,1,1,1,1,1,1,1,0
quiz_302021,article_101003,0.9090909090909091,True,10,11,1,0,1,1,1,1,1,1,1,1,1
quiz_302021_sibling_1,article_101003,0.9090909090909091,True,10,11,1,0,1,1,1,1,1,1,1,1,1
quiz_302021_sibling_2,article_101003,0.9090909090909091,True,10,11,1,0,1,1,1,1,1,1,1,1,1
quiz_302021_sibling_3,article_101003,0.9090909090909091,True,10,11,1,1,1,1,1,1,1,1,0,1,1
quiz_302021_sibling_4,article_101003,1.0,True,11,11,1,1,1,1,1,1,1,1,1,1,1
quiz_302022,article_101003,0.8181818181818182,True,9,11,0,1,1,1,1,1,1,1,0,1,1
quiz_302022_sibling_1,article_101003,0.9090909090909091,True,10,11,1,1,1,1,1,1,1,1,1,1,0
quiz_302022_sibling_2,article_101003,0.9090909090909091,True,10,11,1,1,1,1,1,1,1,1,1,1,0
quiz_302022_sibling_3,article_101003,1.0,True,11,11,1,1,1,1,1,1,1,1,1,1,1
quiz_302022_sibling_4,article_101003,0.9090909090909091,True,10,11,1,0,1,1,1,1,1,1,1,1,1
quiz_302023,article_101003,0.8181818181818182,True,9,11,0,0,1,1,1,1,1,1,1,1,1
quiz_302023_sibling_1,article_101003,0.9090909090909091,True,10,11,0,1,1,1,1,1,1,1,1,1,1
quiz_302023_sibling_2,article_101003,0.8181818181818182,True,9,11,1,0,1,1,1,1,1,1,0,1,1
quiz_302023_sibling_3,article_101003,0.8181818181818182,True,9,11,1,0,1,1,1,1,1,1,0,1,1
quiz_302023_sibling_4,article_101003,0.8181818181818182,True,9,11,1,0,1,1,1,1,1,1,1,1,0
quiz_302024,article_101003,0.6363636363636364,False,7,11,1,0,0,0,1,1,1,1,0,1,1
quiz_302024_sibling_1,article_101003,1.0,True,11,11,1,1,1,1,1,1,1,1,1,1,1
quiz_302024_sibling_2,article_101003,0.9090909090909091,True,10,11,1,1,1,1,1,1,1,1,1,1,0
quiz_302024_sibling_3,article_101003,1.0,True,11,11,1,1,1,1,1,1,1,1,1,1,1
quiz_302024_sibling_4,article_101003,0.9090909090909091,True,10,11,1,0,1,1,1,1,1,1,1,1,1
quiz_302037,article_101005,0.9090909090909091,True,10,11,1,1,1,1,1,1,0,1,1,1,1
quiz_302037_sibling_1,article_101005,0.8181818181818182,True,9,11,1,1,1,1,1,0,0,1,1,1,1
quiz_302037_sibling_2,article_101005,0.9090909090909091,True,10,11,1,1,1,1,1,1,1,1,1,1,0
quiz_302037_sibling_3,article_101005,1.0,True,11,11,1,1,1,1,1,1,1,1,1,1,1
quiz_302037_sibling_4,article_101005,1.0,True,11,11,1,1,1,1,1,1,1,1,1,1,1
quiz_302038,article_101005,0.9090909090909091,True,10,11,1,1,1,1,0,1,1,1,1,1,1
quiz_302038_sibling_1,article_101005,0.8181818181818182,True,9,11,1,1,1,1,0,1,1,1,0,1,1
quiz_302038_sibling_2,article_101005,1.0,True,11,11,1,1,1,1,1,1,1,1,1,1,1
quiz_302038_sibling_3,article_101005,0.8181818181818182,True,9,11,1,1,1,1,0,0,1,1,1,1,1
quiz_302038_sibling_4,article_101005,0.8181818181818182,True,9,11,1,1,1,1,0,1,1,1,1,1,0
quiz_302039,article_101005,0.8181818181818182,True,9,11,1,0,1,1,0,1,1,1,1,1,1
quiz_302039_sibling_1,article_101005,0.8181818181818182,True,9,11,1,0,1,1,1,1,1,1,1,1,0
quiz_302039_sibling_2,article_101005,0.9090909090909091,True,10,11,1,1,1,1,0,1,1,1,1,1,1
quiz_302039_sibling_3,article_101005,0.8181818181818182,True,9,11,1,1,1,1,0,1,1,1,0,1,1
quiz_302039_sibling_4,article_101005,0.8181818181818182,True,9,11,1,0,1,1,0,1,1,1,1,1,1
quiz_302040,article_101005,0.8181818181818182,True,9,11,1,1,1,1,1,1,1,1,0,1,0
quiz_302040_sibling_1,article_101005,0.9090909090909091,True,10,11,1,0,1,1,1,1,1,1,1,1,1
quiz_302040_sibling_2,article_101005,1.0,True,11,11,1,1,1,1,1,1,1,1,1,1,1
quiz_302040_sibling_3,article_101005,1.0,True,11,11,1,1,1,1,1,1,1,1,1,1,1
quiz_302040_sibling_4,article_101005,0.9090909090909091,True,10,11,1,1,1,1,1,1,1,1,0,1,1
quiz_302041,article_101005,0.7272727272727273,False,8,11,1,0,1,1,0,1,1,1,0,1,1
quiz_302041_sibling_1,article_101005,0.8181818181818182,True,9,11,1,1,1,1,0,1,1,1,0,1,1
quiz_302041_sibling_2,article_101005,1.0,True,11,11,1,1,1,1,1,1,1,1,1,1,1
quiz_302041_sibling_3,article_101005,0.9090909090909091,True,10,11,1,1,1,1,0,1,1,1,1,1,1
quiz_302041_sibling_4,article_101005,0.9090909090909091,True,10,11,1,1,1,1,1,1,1,1,1,1,0
quiz_302029,article_101004,1.0,True,11,11,1,1,1,1,1,1,1,1,1,1,1
quiz_302029_sibling_1,article_101004,1.0,True,11,11,1,1,1,1,1,1,1,1,1,1,1
quiz_302029_sibling_2,article_101004,0.8181818181818182,True,9,11,1,1,1,1,1,1,0,1,1,1,0
quiz_302029_sibling_3,article_101004,0.9090909090909091,True,10,11,1,1,1,1,1,1,1,1,1,0,1
quiz_302029_sibling_4,article_101004,0.9090909090909091,True,10,11,1,1,1,1,1,1,1,1,0,1,1
quiz_302030,article_101004,0.8181818181818182,True,9,11,1,1,1,1,1,1,0,1,0,1,1
quiz_302030_sibling_1,article_101004,0.8181818181818182,True,9,11,1,0,1,1,1,1,1,1,0,1,1
quiz_302030_sibling_2,article_101004,0.9090909090909091,True,10,11,1,1,1,1,0,1,1,1,1,1,1
quiz_302030_sibling_3,article_101004,0.8181818181818182,True,9,11,1,0,1,1,1,1,1,1,1,1,0
quiz_302030_sibling_4,article_101004,0.9090909090909091,True,10,11,1,0,1,1,1,1,1,1,1,1,1
quiz_302031,article_101004,1.0,True,11,11,1,1,1,1,1,1,1,1,1,1,1
quiz_302031_sibling_1,article_101004,0.9090909090909091,True,10,11,0,1,1,1,1,1,1,1,1,1,1
quiz_302031_sibling_2,article_101004,0.8181818181818182,True,9,11,1,0,1,1,1,1,1,1,0,1,1
quiz_302031_sibling_3,article_101004,0.8181818181818182,True,9,11,1,1,1,1,1,1,1,1,0,1,0
quiz_302031_sibling_4,article_101004,0.9090909090909091,True,10,11,1,1,1,1,1,1,1,1,1,1,0
quiz_302032,article_101004,0.7272727272727273,False,8,11,1,0,1,1,0,1,1,1,0,1,1
quiz_302032_sibling_1,article_101004,0.9090909090909091,True,10,11,1,1,1,1,1,1,1,1,1,1,0
quiz_302032_sibling_2,article_101004,0.9090909090909091,True,10,11,1,1,1,1,1,1,1,1,1,1,0
quiz_302032_sibling_3,article_101004,0.8181818181818182,True,9,11,1,1,1,1,1,1,1,1,0,1,0
quiz_302032_sibling_4,article_101004,1.0,True,11,11,1,1,1,1,1,1,1,1,1,1,1
quiz_302046,article_101006,0.8181818181818182,True,9,11,1,0,1,1,1,1,1,1,0,1,1
quiz_302046_sibling_1,article_101006,0.8181818181818182,True,9,11,1,1,1,1,1,1,0,1,1,0,1
quiz_302046_sibling_2,article_101006,0.8181818181818182,True,9,11,1,0,1,1,1,1,1,1,1,1,0
quiz_302046_sibling_3,article_101006,0.9090909090909091,True,10,11,1,1,1,1,1,1,1,1,0,1,1
quiz_302046_sibling_4,article_101006,0.9090909090909091,True,10,11,1,1,1,1,1,1,1,1,1,1,0
quiz_302047,article_101006,0.8181818181818182,True,9,11,1,1,1,1,0,1,1,1,0,1,1
quiz_302047_sibling_1,article_101006,1.0,True,11,11,1,1,1,1,1,1,1,1,1,1,1
quiz_302047_sibling_2,article_101006,0.9090909090909091,True,10,11,1,1,1,1,1,1,1,1,1,1,0
quiz_302047_sibling_3,article_101006,1.0,True,11,11,1,1,1,1,1,1,1,1,1,1,1
quiz_302047_sibling_4,article_101006,1.0,True,11,11,1,1,1,1,1,1,1,1,1,1,1
quiz_302048,article_101006,0.9090909090909091,True,10,11,1,1,1,1,0,1,1,1,1,1,1
quiz_302048_sibling_1,article_101006,0.9090909090909091,True,10,11,1,1,1,1,0,1,1,1,1,1,1
quiz_302048_sibling_2,article_101006,0.8181818181818182,True,9,11,1,0,1,1,0,1,1,1,1,1,1
quiz_302048_sibling_3,article_101006,0.9090909090909091,True,10,11,1,1,1,1,0,1,1,1,1,1,1
quiz_302048_sibling_4,article_101006,0.8181818181818182,True,9,11,1,1,1,1,0,1,0,1,1,1,1
quiz_302049,article_101006,0.8181818181818182,True,9,11,1,0,1,1,0,1,1,1,1,1,1
quiz_302049_sibling_1,article_101006,1.0,True,11,11,1,1,1,1,1,1,1,1,1,1,1
quiz_302049_sibling_2,article_101006,0.8181818181818182,True,9,11,1,1,1,1,0,1,1,1,1,1,0
quiz_302049_sibling_3,article_101006,0.8181818181818182,True,9,11,1,1,1,1,0,1,1,1,0,1,1
quiz_302049_sibling_4,article_101006,0.8181818181818182,True,9,11,1,1,1,1,0,1,1,1,1,1,0
quiz_302054,article_101007,0.9090909090909091,True,10,11,1,1,1,1,1,1,1,1,1,1,0
quiz_302054_sibling_1,article_101007,0.8181818181818182,True,9,11,1,0,1,1,1,1,1,1,1,1,0
quiz_302054_sibling_2,article_101007,1.0,True,11,11,1,1,1,1,1,1,1,1,1,1,1
quiz_302054_sibling_3,article_101007,1.0,True,11,11,1,1,1,1,1,1,1,1,1,1,1
quiz_302054_sibling_4,article_101007,0.8181818181818182,True,9,11,1,0,1,1,1,1,1,1,1,1,0
quiz_302055,article_101007,0.9090909090909091,True,10,11,1,1,1,1,0,1,1,1,1,1,1
quiz_302055_sibling_1,article_101007,0.8181818181818182,True,9,11,1,1,1,1,1,1,1,1,0,1,0
quiz_302055_sibling_2,article_101007,0.9090909090909091,True,10,11,1,1,1,1,1,1,1,1,1,1,0
quiz_302055_sibling_3,article_101007,0.8181818181818182,True,9,11,1,1,1,1,1,1,1,1,0,1,0
quiz_302055_sibling_4,article_101007,0.9090909090909091,True,10,11,1,1,1,1,1,1,1,1,1,1,0
quiz_302056,article_101007,0.7272727272727273,False,8,11,1,0,1,0,1,1,1,1,0,1,1
quiz_302056_sibling_1,article_101007,0.8181818181818182,True,9,11,1,1,1,1,0,1,1,1,1,1,0
quiz_302056_sibling_2,article_101007,0.8181818181818182,True,9,11,1,1,1,1,0,1,1,1,1,1,0
quiz_302056_sibling_3,article_101007,0.8181818181818182,True,9,11,1,1,1,1,1,1,1,1,0,1,0
quiz_302056_sibling_4,article_101007,0.8181818181818182,True,9,11,1,1,1,1,0,1,1,1,1,1,0
quiz_302057,article_101007,0.9090909090909091,True,10,11,1,0,1,1,1,1,1,1,1,1,1
quiz_302057_sibling_1,article_101007,0.9090909090909091,True,10,11,1,1,1,1,0,1,1,1,1,1,1
quiz_302057_sibling_2,article_101007,1.0,True,11,11,1,1,1,1,1,1,1,1,1,1,1
quiz_302057_sibling_3,article_101007,0.8181818181818182,True,9,11,1,1,1,1,0,1,1,1,1,1,0
quiz_302057_sibling_4,article_101007,0.8181818181818182,True,9,11,1,0,1,1,1,1,1,1,1,1,0
quiz_302058,article_101007,0.9090909090909091,True,10,11,1,1,1,1,0,1,1,1,1,1,1
quiz_302058_sibling_1,article_101007,0.9090909090909091,True,10,11,1,1,1,1,1,1,0,1,1,1,1
quiz_302058_sibling_2,article_101007,1.0,True,11,11,1,1,1,1,1,1,1,1,1,1,1
quiz_302058_sibling_3,article_101007,0.9090909090909091,True,10,11,1,1,1,1,1,1,1,1,0,1,1
quiz_302058_sibling_4,article_101007,0.8181818181818182,True,9,11,1,1,1,1,1,1,1,1,0,1,0
quiz_302062,article_101008,0.9090909090909091,True,10,11,1,0,1,1,1,1,1,1,1,1,1
quiz_302062_sibling_1,article_101008,0.9090909090909091,True,10,11,1,0,1,1,1,1,1,1,1,1,1
quiz_302062_sibling_2,article_101008,1.0,True,11,11,1,1,1,1,1,1,1,1,1,1,1
quiz_302062_sibling_3,article_101008,1.0,True,11,11,1,1,1,1,1,1,1,1,1,1,1
quiz_302062_sibling_4,article_101008,0.9090909090909091,True,10,11,1,1,1,1,1,1,1,1,0,1,1
quiz_302063,article_101008,1.0,True,11,11,1,1,1,1,1,1,1,1,1,1,1
quiz_302063_sibling_1,article_101008,0.9090909090909091,True,10,11,1,1,1,1,1,1,1,1,0,1,1
quiz_302063_sibling_2,article_101008,0.9090909090909091,True,10,11,1,0,1,1,1,1,1,1,1,1,1
quiz_302063_sibling_3,article_101008,1.0,True,11,11,1,1,1,1,1,1,1,1,1,1,1
quiz_302063_sibling_4,article_101008,1.0,True,11,11,1,1,1,1,1,1,1,1,1,1,1
quiz_302064,article_101008,1.0,True,11,11,1,1,1,1,1,1,1,1,1,1,1
quiz_302064_sibling_1,article_101008,0.8181818181818182,True,9,11,1,0,1,1,0,1,1,1,1,1,1
quiz_302064_sibling_2,article_101008,0.9090909090909091,True,10,11,1,1,1,1,1,1,1,1,0,1,1
quiz_302064_sibling_3,article_101008,1.0,True,11,11,1,1,1,1,1,1,1,1,1,1,1
quiz_302064_sibling_4,article_101008,0.8181818181818182,True,9,11,1,1,1,1,0,1,1,1,1,1,0
quiz_302065,article_101008,0.9090909090909091,True,10,11,1,1,1,1,1,1,1,1,0,1,1
quiz_302065_sibling_1,article_101008,0.9090909090909091,True,10,11,1,1,1,1,1,1,1,1,1,1,0
quiz_302065_sibling_2,article_101008,0.8181818181818182,True,9,11,1,1,1,1,0,1,1,1,0,1,1
quiz_302065_sibling_3,article_101008,0.9090909090909091,True,10,11,1,1,1,1,1,1,1,1,1,1,0
quiz_302065_sibling_4,article_101008,0.9090909090909091,True,10,11,1,1,1,1,0,1,1,1,1,1,1
quiz_302070,article_101009,0.9090909090909091,True,10,11,1,0,1,1,1,1,1,1,1,1,1
quiz_302070_sibling_1,article_101009,1.0,True,11,11,1,1,1,1,1,1,1,1,1,1,1
quiz_302070_sibling_2,article_101009,0.9090909090909091,True,10,11,1,0,1,1,1,1,1,1,1,1,1
quiz_302070_sibling_3,article_101009,1.0,True,11,11,1,1,1,1,1,1,1,1,1,1,1
quiz_302070_sibling_4,article_101009,0.8181818181818182,True,9,11,1,1,1,1,1,1,1,1,0,1,0
quiz_302071,article_101009,1.0,True,11,11,1,1,1,1,1,1,1,1,1,1,1
quiz_302071_sibling_1,article_101009,0.9090909090909091,True,10,11,1,1,1,1,1,1,1,1,0,1,1
quiz_302071_sibling_2,article_101009,0.9090909090909091,True,10,11,1,0,1,1,1,1,1,1,1,1,1
quiz_302071_sibling_3,article_101009,1.0,True,11,11,1,1,1,1,1,1,1,1,1,1,1
quiz_302071_sibling_4,article_101009,0.9090909090909091,True,10,11,1,1,1,1,1,1,1,1,0,1,1
quiz_302072,article_101009,0.9090909090909091,True,10,11,1,1,1,1,0,1,1,1,1,1,1
quiz_302072_sibling_1,article_101009,0.9090909090909091,True,10,11,1,1,1,1,0,1,1,1,1,1,1
quiz_302072_sibling_2,article_101009,0.8181818181818182,True,9,11,1,1,1,1,1,1,1,1,0,1,0
quiz_302072_sibling_3,article_101009,0.8181818181818182,True,9,11,1,1,1,1,0,1,1,1,1,1,0
quiz_302072_sibling_4,article_101009,1.0,True,11,11,1,1,1,1,1,1,1,1,1,1,1
quiz_302073,article_101009,1.0,True,11,11,1,1,1,1,1,1,1,1,1,1,1
quiz_302073_sibling_1,article_101009,0.8181818181818182,True,9,11,1,0,1,1,1,1,1,1,0,1,1
quiz_302073_sibling_2,article_101009,0.9090909090909091,True,10,11,1,1,1,1,1,1,1,1,0,1,1
quiz_302073_sibling_3,article_101009,0.9090909090909091,True,10,11,1,1,1,1,0,1,1,1,1,1,1
quiz_302073_sibling_4,article_101009,1.0,True,11,11,1,1,1,1,1,1,1,1,1,1,1
quiz_302074,article_101009,0.9090909090909091,True,10,11,1,1,1,1,1,1,1,1,0,1,1
quiz_302074_sibling_1,article_101009,1.0,True,11,11,1,1,1,1,1,1,1,1,1,1,1
quiz_302074_sibling_2,article_101009,0.9090909090909091,True,10,11,1,1,1,1,1,1,1,1,1,1,0
quiz_302074_sibling_3,article_101009,1.0,True,11,11,1,1,1,1,1,1,1,1,1,1,1
quiz_302074_sibling_4,article_101009,1.0,True,11,11,1,1,1,1,1,1,1,1,1,1,1
quiz_302087,article_101011,0.9090909090909091,True,10,11,0,1,1,1,1,1,1,1,1,1,1
quiz_302087_sibling_1,article_101011,0.9090909090909091,True,10,11,1,1,1,1,1,1,1,1,0,1,1
quiz_302087_sibling_2,article_101011,1.0,True,11,11,1,1,1,1,1,1,1,1,1,1,1
quiz_302087_sibling_3,article_101011,0.9090909090909091,True,10,11,1,1,1,1,1,1,1,1,0,1,1
quiz_302087_sibling_4,article_101011,1.0,True,11,11,1,1,1,1,1,1,1,1,1,1,1
quiz_302088,article_101011,1.0,True,11,11,1,1,1,1,1,1,1,1,1,1,1
quiz_302088_sibling_1,article_101011,0.9090909090909091,True,10,11,1,1,1,1,1,1,1,1,1,1,0
quiz_302088_sibling_2,article_101011,0.9090909090909091,True,10,11,1,0,1,1,1,1,1,1,1,1,1
quiz_302088_sibling_3,article_101011,0.9090909090909091,True,10,11,1,1,1,1,1,1,1,1,1,1,0
quiz_302088_sibling_4,article_101011,0.9090909090909091,True,10,11,1,1,1,1,1,1,1,1,1,1,0
quiz_302089,article_101011,1.0,True,11,11,1,1,1,1,1,1,1,1,1,1,1
quiz_302089_sibling_1,article_101011,1.0,True,11,11,1,1,1,1,1,1,1,1,1,1,1
quiz_302089_sibling_2,article_101011,0.7272727272727273,False,8,11,1,0,0,1,1,1,1,1,0,1,1
quiz_302089_sibling_3,article_101011,0.7272727272727273,False,8,11,1,0,1,1,0,1,1,1,0,1,1
quiz_302089_sibling_4,article_101011,0.7272727272727273,False,8,11,1,0,1,1,0,1,1,1,0,1,1
quiz_302090,article_101011,0.8181818181818182,True,9,11,1,0,1,1,1,1,1,1,0,1,1
quiz_302090_sibling_1,article_101011,0.9090909090909091,True,10,11,1,1,1,1,1,1,1,1,0,1,1
quiz_302090_sibling_2,article_101011,0.7272727272727273,False,8,11,1,0,1,1,0,1,1,1,0,1,1
quiz_302090_sibling_3,article_101011,0.7272727272727273,False,8,11,1,0,1,1,0,1,1,1,1,1,0
quiz_302090_sibling_4,article_101011,0.8181818181818182,True,9,11,1,1,1,1,0,1,1,1,0,1,1
quiz_302091,article_101011,0.9090909090909091,True,10,11,1,1,1,1,1,1,1,1,1,1,0
quiz_302091_sibling_1,article_101011,0.9090909090909091,True,10,11,1,1,1,1,1,1,1,1,1,1,0
quiz_302091_sibling_2,article_101011,0.6363636363636364,False,7,11,0,1,1,0,0,1,1,1,0,1,1
quiz_302091_sibling_3,article_101011,0.8181818181818182,True,9,11,1,1,1,1,0,1,1,1,0,1,1
quiz_302091_sibling_4,article_101011,0.9090909090909091,True,10,11,1,1,1,1,1,1,1,1,1,1,0
quiz_302096,article_101012,1.0,True,11,11,1,1,1,1,1,1,1,1,1,1,1
quiz_302096_sibling_1,article_101012,1.0,True,11,11,1,1,1,1,1,1,1,1,1,1,1
quiz_302096_sibling_2,article_101012,1.0,True,11,11,1,1,1,1,1,1,1,1,1,1,1
quiz_302096_sibling_3,article_101012,1.0,True,11,11,1,1,1,1,1,1,1,1,1,1,1
quiz_302096_sibling_4,article_101012,0.9090909090909091,True,10,11,1,1,1,1,1,1,1,1,0,1,1
quiz_302097,article_101012,0.9090909090909091,True,10,11,1,1,1,1,1,1,1,1,0,1,1
quiz_302097_sibling_1,article_101012,0.9090909090909091,True,10,11,1,1,1,1,1,1,1,1,0,1,1
quiz_302097_sibling_2,article_101012,0.8181818181818182,True,9,11,1,1,1,0,1,1,1,1,0,1,1
quiz_302097_sibling_3,article_101012,1.0,True,11,11,1,1,1,1,1,1,1,1,1,1,1
quiz_302097_sibling_4,article_101012,0.8181818181818182,True,9,11,1,0,1,1,0,1,1,1,1,1,1
quiz_302098,article_101012,0.7272727272727273,False,8,11,1,0,1,0,0,1,1,1,1,1,1
quiz_302098_sibling_1,article_101012,0.8181818181818182,True,9,11,1,1,1,1,0,1,1,1,1,1,0
quiz_302098_sibling_2,article_101012,0.6363636363636364,False,7,11,1,0,0,0,0,1,1,1,1,1,1
quiz_302098_sibling_3,article_101012,0.9090909090909091,True,10,11,1,1,1,1,0,1,1,1,1,1,1
quiz_302098_sibling_4,article_101012,0.8181818181818182,True,9,11,1,0,1,1,0,1,1,1,1,1,1
quiz_302099,article_101012,0.8181818181818182,True,9,11,1,1,1,1,0,1,1,1,1,1,0
quiz_302099_sibling_1,article_101012,0.6363636363636364,False,7,11,1,0,0,0,0,1,1,1,1,1,1
quiz_302099_sibling_2,article_101012,0.9090909090909091,True,10,11,1,0,1,1,1,1,1,1,1,1,1
quiz_302099_sibling_3,article_101012,0.7272727272727273,False,8,11,1,0,0,1,1,1,1,1,1,1,0
quiz_302099_sibling_4,article_101012,0.8181818181818182,True,9,11,1,0,1,1,1,1,1,1,1,1,0
quiz_302104,article_101013,1.0,True,11,11,1,1,1,1,1,1,1,1,1,1,1
quiz_302104_sibling_1,article_101013,1.0,True,11,11,1,1,1,1,1,1,1,1,1,1,1
quiz_302104_sibling_2,article_101013,0.6363636363636364,False,7,11,0,0,1,0,1,1,1,0,1,1,1
quiz_302104_sibling_3,article_101013,1.0,True,11,11,1,1,1,1,1,1,1,1,1,1,1
quiz_302104_sibling_4,article_101013,1.0,True,11,11,1,1,1,1,1,1,1,1,1,1,1
quiz_302105,article_101013,1.0,True,11,11,1,1,1,1,1,1,1,1,1,1,1
quiz_302105_sibling_1,article_101013,0.9090909090909091,True,10,11,1,1,1,1,1,1,1,1,0,1,1
quiz_302105_sibling_2,article_101013,0.9090909090909091,True,10,11,1,1,1,1,1,1,1,1,0,1,1
quiz_302105_sibling_3,article_101013,1.0,True,11,11,1,1,1,1,1,1,1,1,1,1,1
quiz_302105_sibling_4,article_101013,0.9090909090909091,True,10,11,1,1,1,1,0,1,1,1,1,1,1
quiz_302106,article_101013,0.9090909090909091,True,10,11,1,1,1,1,0,1,1,1,1,1,1
quiz_302106_sibling_1,article_101013,0.9090909090909091,True,10,11,1,0,1,1,1,1,1,1,1,1,1
quiz_302106_sibling_2,article_101013,0.9090909090909091,True,10,11,1,1,1,1,1,1,1,1,1,1,0
quiz_302106_sibling_3,article_101013,0.9090909090909091,True,10,11,0,1,1,1,1,1,1,1,1,1,1
quiz_302106_sibling_4,article_101013,0.9090909090909091,True,10,11,1,1,1,1,1,1,1,1,1,1,0
quiz_302107,article_101013,0.5454545454545454,False,6,11,0,0,0,1,0,1,1,1,1,1,0
quiz_302107_sibling_1,article_101013,0.8181818181818182,True,9,11,1,0,0,1,1,1,1,1,1,1,1
quiz_302107_sibling_2,article_101013,0.7272727272727273,False,8,11,1,0,0,1,1,1,1,1,0,1,1
quiz_302107_sibling_3,article_101013,0.7272727272727273,False,8,11,1,0,1,1,0,1,1,1,1,1,0
quiz_302107_sibling_4,article_101013,0.8181818181818182,True,9,11,1,0,1,1,0,1,1,1,1,1,1
quiz_302111,article_101014,0.7272727272727273,False,8,11,1,0,0,1,1,1,1,1,0,1,1
quiz_302111_sibling_1,article_101014,0.9090909090909091,True,10,11,1,0,1,1,1,1,1,1,1,1,1
quiz_302111_sibling_2,article_101014,0.9090909090909091,True,10,11,1,1,1,1,1,1,1,1,0,1,1
quiz_302111_sibling_3,article_101014,0.8181818181818182,True,9,11,0,1,1,1,1,1,1,1,0,1,1
quiz_302111_sibling_4,article_101014,1.0,True,11,11,1,1,1,1,1,1,1,1,1,1,1
quiz_302112,article_101014,0.9090909090909091,True,10,11,1,1,1,1,1,1,1,1,0,1,1
quiz_302112_sibling_1,article_101014,0.9090909090909091,True,10,11,1,1,1,1,0,1,1,1,1,1,1
quiz_302112_sibling_2,article_101014,1.0,True,11,11,1,1,1,1,1,1,1,1,1,1,1
quiz_302112_sibling_3,article_101014,0.9090909090909091,True,10,11,1,1,1,1,1,1,1,1,0,1,1
quiz_302112_sibling_4,article_101014,0.8181818181818182,True,9,11,1,0,1,1,0,1,1,1,1,1,1
quiz_302113,article_101014,1.0,True,11,11,1,1,1,1,1,1,1,1,1,1,1
quiz_302113_sibling_1,article_101014,1.0,True,11,11,1,1,1,1,1,1,1,1,1,1,1
quiz_302113_sibling_2,article_101014,1.0,True,11,11,1,1,1,1,1,1,1,1,1,1,1
quiz_302113_sibling_3,article_101014,0.9090909090909091,True,10,11,1,1,1,1,1,1,1,1,1,0,1
quiz_302113_sibling_4,article_101014,0.7272727272727273,False,8,11,0,1,1,0,1,1,1,1,0,1,1
quiz_302114,article_101014,1.0,True,11,11,1,1,1,1,1,1,1,1,1,1,1
quiz_302114_sibling_1,article_101014,0.6363636363636364,False,7,11,1,0,1,1,0,1,0,1,0,1,1
quiz_302114_sibling_2,article_101014,0.8181818181818182,True,9,11,1,0,1,1,0,1,1,1,1,1,1
quiz_302114_sibling_3,article_101014,0.9090909090909091,True,10,11,1,1,1,1,1,1,1,1,0,1,1
quiz_302114_sibling_4,article_101014,1.0,True,11,11,1,1,1,1,1,1,1,1,1,1,1
quiz_302119,article_101015,0.6363636363636364,False,7,11,1,0,1,1,0,1,1,1,0,1,0
quiz_302119_sibling_1,article_101015,0.9090909090909091,True,10,11,1,1,1,1,0,1,1,1,1,1,1
quiz_302119_sibling_2,article_101015,0.9090909090909091,True,10,11,1,1,1,1,0,1,1,1,1,1,1
quiz_302119_sibling_3,article_101015,0.7272727272727273,False,8,11,1,0,0,1,0,1,1,1,1,1,1
quiz_302119_sibling_4,article_101015,0.8181818181818182,True,9,11,1,0,1,1,0,1,1,1,1,1,1
quiz_302120,article_101015,0.9090909090909091,True,10,11,1,1,1,0,1,1,1,1,1,1,1
quiz_302120_sibling_1,article_101015,0.9090909090909091,True,10,11,1,1,1,1,1,1,1,1,0,1,1
quiz_302120_sibling_2,article_101015,0.9090909090909091,True,10,11,1,1,1,1,1,1,1,1,1,1,0
quiz_302120_sibling_3,article_101015,0.9090909090909091,True,10,11,1,1,1,1,1,1,1,1,0,1,1
quiz_302120_sibling_4,article_101015,0.9090909090909091,True,10,11,1,1,1,1,1,1,1,1,0,1,1
quiz_302121,article_101015,0.8181818181818182,True,9,11,1,1,1,1,0,1,1,1,1,1,0
quiz_302121_sibling_1,article_101015,0.8181818181818182,True,9,11,1,1,1,1,0,1,1,1,1,1,0
quiz_302121_sibling_2,article_101015,0.8181818181818182,True,9,11,1,0,1,1,1,1,1,1,0,1,1
quiz_302121_sibling_3,article_101015,1.0,True,11,11,1,1,1,1,1,1,1,1,1,1,1
quiz_302121_sibling_4,article_101015,0.9090909090909091,True,10,11,1,1,1,1,1,1,1,1,0,1,1
quiz_302122,article_101015,0.7272727272727273,False,8,11,1,0,1,1,1,0,1,0,1,1,1
quiz_302122_sibling_1,article_101015,0.8181818181818182,True,9,11,1,0,1,1,1,0,1,1,1,1,1
quiz_302122_sibling_2,article_101015,0.7272727272727273,False,8,11,0,1,1,1,1,1,1,1,0,1,0
quiz_302122_sibling_3,article_101015,1.0,True,11,11,1,1,1,1,1,1,1,1,1,1,1
quiz_302122_sibling_4,article_101015,0.9090909090909091,True,10,11,1,1,1,1,1,1,1,1,0,1,1
quiz_302123,article_101015,0.7272727272727273,False,8,11,1,1,1,1,0,0,0,1,1,1,1
quiz_302123_sibling_1,article_101015,0.8181818181818182,True,9,11,1,1,1,1,1,0,1,0,1,1,1
quiz_302123_sibling_2,article_101015,0.7272727272727273,False,8,11,1,1,1,1,0,0,1,0,1,1,1
quiz_302123_sibling_3,article_101015,0.9090909090909091,True,10,11,1,0,1,1,1,1,1,1,1,1,1
quiz_302123_sibling_4,article_101015,0.7272727272727273,False,8,11,1,0,1,1,0,1,1,1,1,1,0
quiz_302128,article_101016,1.0,True,11,11,1,1,1,1,1,1,1,1,1,1,1
quiz_302128_sibling_1,article_101016,0.7272727272727273,False,8,11,1,0,0,1,1,1,1,1,0,1,1
quiz_302128_sibling_2,article_101016,1.0,True,11,11,1,1,1,1,1,1,1,1,1,1,1
quiz_302128_sibling_3,article_101016,1.0,True,11,11,1,1,1,1,1,1,1,1,1,1,1
quiz_302128_sibling_4,article_101016,1.0,True,11,11,1,1,1,1,1,1,1,1,1,1,1
quiz_302129,article_101016,1.0,True,11,11,1,1,1,1,1,1,1,1,1,1,1
quiz_302129_sibling_1,article_101016,0.9090909090909091,True,10,11,1,1,1,1,1,1,1,1,0,1,1
quiz_302129_sibling_2,article_101016,0.7272727272727273,False,8,11,1,0,1,1,0,1,1,1,1,1,0
quiz_302129_sibling_3,article_101016,0.9090909090909091,True,10,11,1,1,1,1,1,1,1,1,0,1,1
quiz_302129_sibling_4,article_101016,0.9090909090909091,True,10,11,1,1,1,1,1,1,1,1,0,1,1
quiz_302130,article_101016,0.9090909090909091,True,10,11,1,1,1,1,1,1,1,1,0,1,1
quiz_302130_sibling_1,article_101016,0.9090909090909091,True,10,11,1,1,1,1,1,1,1,1,0,1,1
quiz_302130_sibling_2,article_101016,1.0,True,11,11,1,1,1,1,1,1,1,1,1,1,1
quiz_302130_sibling_3,article_101016,0.8181818181818182,True,9,11,1,1,1,1,0,1,1,0,1,1,1
quiz_302130_sibling_4,article_101016,0.7272727272727273,False,8,11,1,1,1,1,1,1,0,0,1,1,0
quiz_302131,article_101016,1.0,True,11,11,1,1,1,1,1,1,1,1,1,1,1
quiz_302131_sibling_1,article_101016,0.9090909090909091,True,10,11,1,1,1,1,1,1,1,0,1,1,1
quiz_302131_sibling_2,article_101016,0.9090909090909091,True,10,11,1,1,1,1,1,1,1,1,0,1,1
quiz_302135,article_101017,1.0,True,11,11,1,1,1,1,1,1,1,1,1,1,1
quiz_302135_sibling_1,article_101017,0.9090909090909091,True,10,11,1,0,1,1,1,1,1,1,1,1,1
quiz_302135_sibling_2,article_101017,0.9090909090909091,True,10,11,1,1,1,1,1,1,1,1,0,1,1
quiz_302135_sibling_3,article_101017,0.6363636363636364,False,7,11,1,0,1,1,0,1,1,1,0,1,0
quiz_302135_sibling_4,article_101017,0.7272727272727273,False,8,11,0,1,1,1,1,1,1,1,0,1,0
quiz_302136,article_101017,0.6363636363636364,False,7,11,1,1,1,1,0,0,0,0,1,1,1
quiz_302136_sibling_1,article_101017,0.5454545454545454,False,6,11,1,1,1,1,0,0,0,0,0,1,1
quiz_302136_sibling_2,article_101017,0.5454545454545454,False,6,11,0,1,1,1,0,0,1,0,0,1,1
quiz_302136_sibling_3,article_101017,0.6363636363636364,False,7,11,1,1,1,1,0,0,0,0,1,1,1
quiz_302136_sibling_4,article_101017,0.5454545454545454,False,6,11,1,0,1,1,0,0,1,0,0,1,1
quiz_302137,article_101017,0.8181818181818182,True,9,11,1,1,1,0,1,1,1,1,0,1,1
quiz_302137_sibling_1,article_101017,0.9090909090909091,True,10,11,1,1,1,1,1,1,0,1,1,1,1
quiz_302137_sibling_2,article_101017,0.8181818181818182,True,9,11,1,0,1,1,0,1,1,1,1,1,1
quiz_302137_sibling_3,article_101017,0.8181818181818182,True,9,11,1,1,1,1,0,1,1,1,1,1,0
quiz_302137_sibling_4,article_101017,0.8181818181818182,True,9,11,1,0,1,1,1,1,1,1,0,1,1
quiz_302138,article_101017,1.0,True,11,11,1,1,1,1,1,1,1,1,1,1,1
quiz_302138_sibling_1,article_101017,0.6363636363636364,False,7,11,1,0,0,1,0,1,1,1,0,1,1
quiz_302138_sibling_2,article_101017,0.6363636363636364,False,7,11,1,0,0,1,0,1,1,1,0,1,1
quiz_302138_sibling_3,article_101017,0.8181818181818182,True,9,11,1,0,1,1,0,1,1,1,1,1,1
quiz_302138_sibling_4,article_101017,0.8181818181818182,True,9,11,1,1,1,1,0,1,1,1,1,1,0
quiz_302143,article_101018,1.0,True,11,11,1,1,1,1,1,1,1,1,1,1,1
quiz_302143_sibling_1,article_101018,0.9090909090909091,True,10,11,1,1,1,1,1,1,1,1,0,1,1
quiz_302143_sibling_2,article_101018,0.8181818181818182,True,9,11,1,0,1,1,1,1,1,1,0,1,1
quiz_302143_sibling_3,article_101018,0.9090909090909091,True,10,11,1,1,1,1,1,1,1,1,0,1,1
quiz_302143_sibling_4,article_101018,0.7272727272727273,False,8,11,1,0,1,0,1,1,1,1,0,1,1
quiz_302144,article_101018,1.0,True,11,11,1,1,1,1,1,1,1,1,1,1,1
quiz_302144_sibling_1,article_101018,1.0,True,11,11,1,1,1,1,1,1,1,1,1,1,1
quiz_302144_sibling_2,article_101018,1.0,True,11,11,1,1,1,1,1,1,1,1,1,1,1
quiz_302144_sibling_3,article_101018,1.0,True,11,11,1,1,1,1,1,1,1,1,1,1,1
quiz_302144_sibling_4,article_101018,1.0,True,11,11,1,1,1,1,1,1,1,1,1,1,1
quiz_302145,article_101018,1.0,True,11,11,1,1,1,1,1,1,1,1,1,1,1
quiz_302145_sibling_1,article_101018,1.0,True,11,11,1,1,1,1,1,1,1,1,1,1,1
quiz_302145_sibling_2,article_101018,0.9090909090909091,True,10,11,1,1,1,1,1,1,1,1,0,1,1
quiz_302145_sibling_3,article_101018,0.9090909090909091,True,10,11,1,1,1,1,1,1,1,1,0,1,1
quiz_302145_sibling_4,article_101018,0.8181818181818182,True,9,11,1,0,1,1,1,1,1,1,0,1,1
quiz_302146,article_101018,0.9090909090909091,True,10,11,1,0,1,1,1,1,1,1,1,1,1
quiz_302146_sibling_1,article_101018,0.8181818181818182,True,9,11,1,0,1,1,1,1,1,1,1,1,0
quiz_302146_sibling_2,article_101018,1.0,True,11,11,1,1,1,1,1,1,1,1,1,1,1
quiz_302146_sibling_3,article_101018,1.0,True,11,11,1,1,1,1,1,1,1,1,1,1,1
quiz_302146_sibling_4,article_101018,1.0,True,11,11,1,1,1,1,1,1,1,1,1,1,1
quiz_302151,article_101019,1.0,True,11,11,1,1,1,1,1,1,1,1,1,1,1
quiz_302151_sibling_1,article_101019,0.9090909090909091,True,10,11,1,0,1,1,1,1,1,1,1,1,1
quiz_302151_sibling_2,article_101019,0.8181818181818182,True,9,11,1,0,1,1,1,1,1,1,0,1,1
quiz_302151_sibling_3,article_101019,0.9090909090909091,True,10,11,1,0,1,1,1,1,1,1,1,1,1
quiz_302151_sibling_4,article_101019,0.8181818181818182,True,9,11,1,1,1,1,1,1,1,1,0,1,0
quiz_302152,article_101019,0.6363636363636364,False,7,11,1,0,1,1,0,1,1,1,0,1,0
quiz_302152_sibling_1,article_101019,0.7272727272727273,False,8,11,1,1,0,1,0,1,1,1,0,1,1
quiz_302152_sibling_2,article_101019,0.8181818181818182,True,9,11,1,1,1,1,0,1,1,1,0,1,1
quiz_302152_sibling_3,article_101019,0.7272727272727273,False,8,11,1,1,1,1,0,1,1,0,1,1,0
quiz_302152_sibling_4,article_101019,0.6363636363636364,False,7,11,0,0,0,1,0,1,1,1,1,1,1
quiz_302153,article_101019,1.0,True,11,11,1,1,1,1,1,1,1,1,1,1,1
quiz_302153_sibling_1,article_101019,1.0,True,11,11,1,1,1,1,1,1,1,1,1,1,1
quiz_302153_sibling_2,article_101019,1.0,True,11,11,1,1,1,1,1,1,1,1,1,1,1
quiz_302153_sibling_3,article_101019,0.9090909090909091,True,10,11,1,1,1,1,1,1,1,1,1,1,0
quiz_302153_sibling_4,article_101019,0.9090909090909091,True,10,11,1,1,1,1,1,1,1,1,1,1,0
quiz_302154,article_101019,0.7272727272727273,False,8,11,1,1,1,1,0,0,1,0,1,1,1
quiz_302154_sibling_1,article_101019,0.8181818181818182,True,9,11,1,0,1,1,1,1,1,1,1,1,0
quiz_302154_sibling_2,article_101019,0.8181818181818182,True,9,11,1,0,0,1,1,1,1,1,1,1,1
quiz_302154_sibling_3,article_101019,0.9090909090909091,True,10,11,1,1,1,1,1,1,1,1,0,1,1
quiz_302154_sibling_4,article_101019,0.8181818181818182,True,9,11,1,1,1,1,1,1,1,1,0,1,0
quiz_302160,article_101020,0.9090909090909091,True,10,11,1,1,1,1,1,1,1,1,0,1,1
quiz_302160_sibling_1,article_101020,1.0,True,11,11,1,1,1,1,1,1,1,1,1,1,1
quiz_302160_sibling_2,article_101020,0.9090909090909091,True,10,11,1,1,1,1,1,1,1,1,0,1,1
quiz_302160_sibling_3,article_101020,1.0,True,11,11,1,1,1,1,1,1,1,1,1,1,1
quiz_302160_sibling_4,article_101020,0.9090909090909091,True,10,11,1,1,1,1,1,1,1,1,0,1,1
quiz_302161,article_101020,1.0,True,11,11,1,1,1,1,1,1,1,1,1,1,1
quiz_302161_sibling_1,article_101020,0.9090909090909091,True,10,11,1,1,1,1,1,1,1,1,1,1,0
quiz_302161_sibling_2,article_101020,1.0,True,11,11,1,1,1,1,1,1,1,1,1,1,1
quiz_302161_sibling_3,article_101020,0.7272727272727273,False,8,11,1,1,1,1,0,0,1,1,1,1,0
quiz_302161_sibling_4,article_101020,1.0,True,11,11,1,1,1,1,1,1,1,1,1,1,1
quiz_302162,article_101020,0.9090909090909091,True,10,11,1,0,1,1,1,1,1,1,1,1,1
quiz_302162_sibling_1,article_101020,1.0,True,11,11,1,1,1,1,1,1,1,1,1,1,1
quiz_302162_sibling_2,article_101020,0.9090909090909091,True,10,11,1,0,1,1,1,1,1,1,1,1,1
quiz_302162_sibling_3,article_101020,0.9090909090909091,True,10,11,1,1,0,1,1,1,1,1,1,1,1
quiz_302162_sibling_4,article_101020,0.9090909090909091,True,10,11,1,1,1,1,1,1,1,1,0,1,1
quiz_302163,article_101020,1.0,True,11,11,1,1,1,1,1,1,1,1,1,1,1
quiz_302163_sibling_1,article_101020,0.9090909090909091,True,10,11,1,1,1,1,0,1,1,1,1,1,1
quiz_302163_sibling_2,article_101020,0.8181818181818182,True,9,11,1,1,1,0,1,1,1,1,1,1,0
quiz_302163_sibling_3,article_101020,0.9090909090909091,True,10,11,1,1,1,1,0,1,1,1,1,1,1
quiz_302163_sibling_4,article_101020,1.0,True,11,11,1,1,1,1,1,1,1,1,1,1,1
quiz_302168,article_101021,1.0,True,11,11,1,1,1,1,1,1,1,1,1,1,1
quiz_302168_sibling_1,article_101021,0.9090909090909091,True,10,11,1,0,1,1,1,1,1,1,1,1,1
quiz_302168_sibling_2,article_101021,0.8181818181818182,True,9,11,1,0,1,1,1,1,1,1,1,1,0
quiz_302168_sibling_3,article_101021,0.8181818181818182,True,9,11,1,0,1,1,1,1,1,1,0,1,1
quiz_302168_sibling_4,article_101021,0.8181818181818182,True,9,11,1,0,1,1,1,1,1,1,0,1,1
quiz_302169,article_101021,1.0,True,11,11,1,1,1,1,1,1,1,1,1,1,1
quiz_302169_sibling_1,article_101021,0.8181818181818182,True,9,11,1,0,0,1,1,1,1,1,1,1,1
quiz_302169_sibling_2,article_101021,0.9090909090909091,True,10,11,1,1,1,1,0,1,1,1,1,1,1
quiz_302169_sibling_3,article_101021,0.8181818181818182,True,9,11,0,1,1,1,0,1,1,1,1,1,1
quiz_302169_sibling_4,article_101021,0.8181818181818182,True,9,11,1,0,0,1,1,1,1,1,1,1,1
quiz_302170,article_101021,1.0,True,11,11,1,1,1,1,1,1,1,1,1,1,1
quiz_302170_sibling_1,article_101021,0.9090909090909091,True,10,11,1,1,1,1,1,1,1,1,0,1,1
quiz_302170_sibling_2,article_101021,1.0,True,11,11,1,1,1,1,1,1,1,1,1,1,1
quiz_302170_sibling_3,article_101021,1.0,True,11,11,1,1,1,1,1,1,1,1,1,1,1
quiz_302170_sibling_4,article_101021,0.9090909090909091,True,10,11,1,1,1,1,1,1,1,1,0,1,1
quiz_302171,article_101021,0.7272727272727273,False,8,11,1,0,0,1,0,1,1,1,1,1,1
quiz_302171_sibling_1,article_101021,0.8181818181818182,True,9,11,1,0,1,1,1,1,1,1,0,1,1
quiz_302171_sibling_2,article_101021,0.8181818181818182,True,9,11,1,0,1,1,1,1,1,1,0,1,1
quiz_302171_sibling_3,article_101021,0.7272727272727273,False,8,11,1,0,1,1,1,1,1,1,0,1,0
quiz_302171_sibling_4,article_101021,0.7272727272727273,False,8,11,1,0,1,1,1,1,1,1,0,1,0
quiz_302172,article_101021,0.5454545454545454,False,6,11,1,0,0,1,0,0,0,1,1,1,1
quiz_302172_sibling_1,article_101021,0.9090909090909091,True,10,11,1,1,1,1,1,1,1,1,1,1,0
quiz_302172_sibling_2,article_101021,0.7272727272727273,False,8,11,1,0,1,1,1,1,1,1,0,1,0
quiz_302172_sibling_3,article_101021,0.9090909090909091,True,10,11,1,0,1,1,1,1,1,1,1,1,1
quiz_302177,article_101022,0.7272727272727273,False,8,11,1,0,0,1,1,1,1,1,0,1,1
quiz_302177_sibling_1,article_101022,0.9090909090909091,True,10,11,1,0,1,1,1,1,1,1,1,1,1
quiz_302177_sibling_2,article_101022,1.0,True,11,11,1,1,1,1,1,1,1,1,1,1,1
quiz_302177_sibling_3,article_101022,0.9090909090909091,True,10,11,1,0,1,1,1,1,1,1,1,1,1
quiz_302177_sibling_4,article_101022,0.7272727272727273,False,8,11,0,0,0,1,1,1,1,1,1,1,1
quiz_302178,article_101022,0.8181818181818182,True,9,11,1,1,0,1,1,1,1,1,1,1,0
quiz_302178_sibling_1,article_101022,0.8181818181818182,True,9,11,1,0,0,1,1,1,1,1,1,1,1
quiz_302178_sibling_2,article_101022,0.8181818181818182,True,9,11,1,1,1,1,1,1,1,1,0,1,0
quiz_302178_sibling_3,article_101022,0.9090909090909091,True,10,11,1,1,1,1,1,1,1,1,0,1,1
quiz_302178_sibling_4,article_101022,0.7272727272727273,False,8,11,1,0,0,1,1,1,1,1,1,1,0
quiz_302179,article_101022,0.9090909090909091,True,10,11,1,0,1,1,1,1,1,1,1,1,1
quiz_302179_sibling_1,article_101022,1.0,True,11,11,1,1,1,1,1,1,1,1,1,1,1
quiz_302179_sibling_2,article_101022,0.9090909090909091,True,10,11,1,1,1,1,1,1,1,1,1,1,0
quiz_302179_sibling_3,article_101022,0.8181818181818182,True,9,11,1,1,1,1,1,1,1,1,0,1,0
quiz_302179_sibling_4,article_101022,0.7272727272727273,False,8,11,1,0,0,1,1,1,1,1,1,1,0
quiz_302180,article_101022,0.9090909090909091,True,10,11,1,1,1,1,1,1,1,1,1,1,0
quiz_302180_sibling_1,article_101022,0.8181818181818182,True,9,11,1,1,1,1,0,1,1,1,0,1,1
quiz_302180_sibling_2,article_101022,0.8181818181818182,True,9,11,1,1,1,1,1,1,0,1,1,1,0
quiz_302180_sibling_3,article_101022,0.8181818181818182,True,9,11,0,1,0,1,1,1,1,1,1,1,1
quiz_302180_sibling_4,article_101022,0.9090909090909091,True,10,11,1,1,1,1,1,1,1,1,1,1,0
quiz_302184,article_101023,0.8181818181818182,True,9,11,1,0,1,1,1,1,1,1,0,1,1
quiz_302184_sibling_1,article_101023,0.8181818181818182,True,9,11,1,0,0,1,1,1,1,1,1,1,1
quiz_302184_sibling_2,article_101023,1.0,True,11,11,1,1,1,1,1,1,1,1,1,1,1
quiz_302184_sibling_3,article_101023,0.8181818181818182,True,9,11,1,0,1,1,1,1,1,1,0,1,1
quiz_302184_sibling_4,article_101023,1.0,True,11,11,1,1,1,1,1,1,1,1,1,1,1
quiz_302185,article_101023,0.9090909090909091,True,10,11,1,1,1,1,1,1,1,1,0,1,1
quiz_302185_sibling_1,article_101023,0.9090909090909091,True,10,11,1,1,1,1,1,1,1,1,0,1,1
quiz_302185_sibling_2,article_101023,0.9090909090909091,True,10,11,1,1,1,1,1,1,1,1,0,1,1
quiz_302185_sibling_3,article_101023,0.9090909090909091,True,10,11,1,1,1,1,1,1,1,1,0,1,1
quiz_302185_sibling_4,article_101023,1.0,True,11,11,1,1,1,1,1,1,1,1,1,1,1
quiz_302186,article_101023,0.8181818181818182,True,9,11,0,1,1,1,0,1,1,1,1,1,1
quiz_302186_sibling_1,article_101023,0.6363636363636364,False,7,11,1,1,1,1,0,0,1,0,0,1,1
quiz_302186_sibling_2,article_101023,0.8181818181818182,True,9,11,1,1,1,1,0,1,1,1,1,1,0
quiz_302186_sibling_3,article_101023,1.0,True,11,11,1,1,1,1,1,1,1,1,1,1,1
quiz_302186_sibling_4,article_101023,0.9090909090909091,True,10,11,1,0,1,1,1,1,1,1,1,1,1
quiz_302187,article_101023,0.9090909090909091,True,10,11,1,1,1,0,1,1,1,1,1,1,1
quiz_302187_sibling_1,article_101023,0.8181818181818182,True,9,11,1,1,1,1,0,1,1,1,0,1,1
quiz_302187_sibling_2,article_101023,0.9090909090909091,True,10,11,1,1,1,0,1,1,1,1,1,1,1
quiz_302187_sibling_3,article_101023,1.0,True,11,11,1,1,1,1,1,1,1,1,1,1,1
quiz_302187_sibling_4,article_101023,0.9090909090909091,True,10,11,1,0,1,1,1,1,1,1,1,1,1
quiz_302192,article_101024,0.9090909090909091,True,10,11,1,0,1,1,1,1,1,1,1,1,1
quiz_302192_sibling_1,article_101024,0.8181818181818182,True,9,11,1,0,1,1,1,1,1,1,1,1,0
quiz_302192_sibling_2,article_101024,0.8181818181818182,True,9,11,1,1,1,1,0,1,1,1,1,1,0
quiz_302192_sibling_3,article_101024,0.8181818181818182,True,9,11,1,1,1,1,0,1,1,1,0,1,1
quiz_302192_sibling_4,article_101024,1.0,True,11,11,1,1,1,1,1,1,1,1,1,1,1
quiz_302193,article_101024,0.6363636363636364,False,7,11,1,0,1,0,1,0,1,1,0,1,1
quiz_302193_sibling_1,article_101024,0.9090909090909091,True,10,11,1,0,1,1,1,1,1,1,1,1,1
quiz_302193_sibling_2,article_101024,1.0,True,11,11,1,1,1,1,1,1,1,1,1,1,1
quiz_302193_sibling_3,article_101024,0.7272727272727273,False,8,11,1,0,1,0,1,1,1,1,0,1,1
quiz_302193_sibling_4,article_101024,1.0,True,11,11,1,1,1,1,1,1,1,1,1,1,1
quiz_302194,article_101024,0.9090909090909091,True,10,11,1,0,1,1,1,1,1,1,1,1,1
quiz_302194_sibling_1,article_101024,0.6363636363636364,False,7,11,1,0,1,1,0,1,1,1,0,1,0
quiz_302194_sibling_2,article_101024,0.8181818181818182,True,9,11,1,0,1,1,1,1,1,1,1,1,0
quiz_302194_sibling_3,article_101024,0.8181818181818182,True,9,11,1,0,1,1,1,1,1,1,1,1,0
quiz_302194_sibling_4,article_101024,0.9090909090909091,True,10,11,1,0,1,1,1,1,1,1,1,1,1
quiz_302195,article_101024,1.0,True,11,11,1,1,1,1,1,1,1,1,1,1,1
quiz_302195_sibling_1,article_101024,0.7272727272727273,False,8,11,1,0,1,1,0,1,1,1,1,1,0
quiz_302195_sibling_2,article_101024,0.6363636363636364,False,7,11,1,0,0,1,1,1,1,1,0,1,0
quiz_302195_sibling_3,article_101024,0.8181818181818182,True,9,11,1,0,1,1,1,1,1,1,1,1,0
quiz_302195_sibling_4,article_101024,0.9090909090909091,True,10,11,1,0,1,1,1,1,1,1,1,1,1
quiz_302199,article_101025,0.8181818181818182,True,9,11,1,1,1,1,0,1,1,1,0,1,1
quiz_302199_sibling_1,article_101025,0.9090909090909091,True,10,11,1,1,1,1,0,1,1,1,1,1,1
quiz_302199_sibling_2,article_101025,0.7272727272727273,False,8,11,0,1,1,0,0,1,1,1,1,1,1
quiz_302199_sibling_3,article_101025,0.9090909090909091,True,10,11,1,1,1,1,0,1,1,1,1,1,1
quiz_302199_sibling_4,article_101025,0.7272727272727273,False,8,11,1,0,1,1,0,1,1,1,0,1,1
quiz_302200,article_101025,0.9090909090909091,True,10,11,1,1,1,1,1,1,1,1,0,1,1
quiz_302200_sibling_1,article_101025,1.0,True,11,11,1,1,1,1,1,1,1,1,1,1,1
quiz_302200_sibling_2,article_101025,1.0,True,11,11,1,1,1,1,1,1,1,1,1,1,1
quiz_302200_sibling_3,article_101025,1.0,True,11,11,1,1,1,1,1,1,1,1,1,1,1
quiz_302200_sibling_4,article_101025,0.9090909090909091,True,10,11,1,1,1,1,1,1,1,1,0,1,1
quiz_302201,article_101025,0.9090909090909091,True,10,11,1,1,1,1,1,1,1,1,1,1,0
quiz_302201_sibling_1,article_101025,0.8181818181818182,True,9,11,1,1,1,1,0,1,1,1,0,1,1
quiz_302201_sibling_2,article_101025,1.0,True,11,11,1,1,1,1,1,1,1,1,1,1,1
quiz_302201_sibling_3,article_101025,0.9090909090909091,True,10,11,1,1,1,1,1,1,1,1,1,1,0
quiz_302201_sibling_4,article_101025,1.0,True,11,11,1,1,1,1,1,1,1,1,1,1,1
quiz_302202,article_101025,0.5454545454545454,False,6,11,0,0,0,0,0,1,1,1,1,1,1
quiz_302202_sibling_1,article_101025,0.9090909090909091,True,10,11,1,1,1,1,0,1,1,1,1,1,1
quiz_302202_sibling_2,article_101025,1.0,True,11,11,1,1,1,1,1,1,1,1,1,1,1
quiz_302202_sibling_3,article_101025,0.8181818181818182,True,9,11,1,0,1,1,0,1,1,1,1,1,1
quiz_302202_sibling_4,article_101025,0.8181818181818182,True,9,11,1,1,1,1,0,1,1,1,0,1,1
quiz_302207,article_101026,1.0,True,11,11,1,1,1,1,1,1,1,1,1,1,1
quiz_302207_sibling_1,article_101026,0.9090909090909091,True,10,11,1,1,1,1,1,1,1,1,0,1,1
quiz_302207_sibling_2,article_101026,0.9090909090909091,True,10,11,1,1,1,1,1,1,1,1,0,1,1
quiz_302207_sibling_3,article_101026,0.8181818181818182,True,9,11,1,0,1,1,1,1,1,1,0,1,1
quiz_302207_sibling_4,article_101026,0.8181818181818182,True,9,11,1,0,1,1,1,1,1,1,0,1,1
quiz_302208,article_101026,0.9090909090909091,True,10,11,1,1,1,1,1,1,1,1,0,1,1
quiz_302208_sibling_1,article_101026,1.0,True,11,11,1,1,1,1,1,1,1,1,1,1,1
quiz_302208_sibling_2,article_101026,0.8181818181818182,True,9,11,1,0,0,1,1,1,1,1,1,1,1
quiz_302208_sibling_3,article_101026,1.0,True,11,11,1,1,1,1,1,1,1,1,1,1,1
quiz_302208_sibling_4,article_101026,1.0,True,11,11,1,1,1,1,1,1,1,1,1,1,1
quiz_302209,article_101026,0.8181818181818182,True,9,11,1,0,1,1,1,1,1,1,0,1,1
quiz_302209_sibling_1,article_101026,0.9090909090909091,True,10,11,1,1,1,1,1,1,1,1,0,1,1
quiz_302209_sibling_2,article_101026,0.8181818181818182,True,9,11,1,1,1,1,0,1,0,1,1,1,1
quiz_302209_sibling_3,article_101026,0.9090909090909091,True,10,11,1,0,1,1,1,1,1,1,1,1,1
quiz_302209_sibling_4,article_101026,1.0,True,11,11,1,1,1,1,1,1,1,1,1,1,1
quiz_302210,article_101026,1.0,True,11,11,1,1,1,1,1,1,1,1,1,1,1
quiz_302210_sibling_1,article_101026,1.0,True,11,11,1,1,1,1,1,1,1,1,1,1,1
quiz_302210_sibling_2,article_101026,1.0,True,11,11,1,1,1,1,1,1,1,1,1,1,1
quiz_302210_sibling_3,article_101026,1.0,True,11,11,1,1,1,1,1,1,1,1,1,1,1
quiz_302210_sibling_4,article_101026,0.7272727272727273,False,8,11,1,0,1,1,1,1,1,0,1,1,0
quiz_302215,article_101027,0.9090909090909091,True,10,11,1,1,1,1,0,1,1,1,1,1,1
quiz_302215_sibling_1,article_101027,0.9090909090909091,True,10,11,1,1,1,1,0,1,1,1,1,1,1
quiz_302215_sibling_2,article_101027,0.7272727272727273,False,8,11,0,1,1,0,0,1,1,1,1,1,1
quiz_302215_sibling_3,article_101027,0.8181818181818182,True,9,11,0,1,1,1,0,1,1,1,1,1,1
quiz_302215_sibling_4,article_101027,0.6363636363636364,False,7,11,0,0,1,1,0,0,1,1,1,1,1
quiz_302216,article_101027,0.9090909090909091,True,10,11,1,1,1,1,1,0,1,1,1,1,1
quiz_302216_sibling_1,article_101027,1.0,True,11,11,1,1,1,1,1,1,1,1,1,1,1
quiz_302216_sibling_2,article_101027,0.8181818181818182,True,9,11,1,1,1,1,0,1,1,1,0,1,1
quiz_302216_sibling_3,article_101027,1.0,True,11,11,1,1,1,1,1,1,1,1,1,1,1
quiz_302216_sibling_4,article_101027,0.8181818181818182,True,9,11,0,1,1,1,0,1,1,1,1,1,1
quiz_302217,article_101027,1.0,True,11,11,1,1,1,1,1,1,1,1,1,1,1
quiz_302217_sibling_1,article_101027,0.8181818181818182,True,9,11,1,0,1,1,1,1,1,1,1,1,0
quiz_302217_sibling_2,article_101027,1.0,True,11,11,1,1,1,1,1,1,1,1,1,1,1
quiz_302217_sibling_3,article_101027,1.0,True,11,11,1,1,1,1,1,1,1,1,1,1,1
quiz_302217_sibling_4,article_101027,0.9090909090909091,True,10,11,1,1,1,1,0,1,1,1,1,1,1
quiz_302218,article_101027,1.0,True,11,11,1,1,1,1,1,1,1,1,1,1,1
quiz_302218_sibling_1,article_101027,0.8181818181818182,True,9,11,1,1,1,1,1,1,1,1,0,1,0
quiz_302218_sibling_2,article_101027,1.0,True,11,11,1,1,1,1,1,1,1,1,1,1,1
quiz_302218_sibling_3,article_101027,0.8181818181818182,True,9,11,1,1,1,1,0,1,1,1,1,1,0
quiz_302224,article_101028,0.9090909090909091,True,10,11,1,1,1,1,1,1,1,1,1,1,0
quiz_302224_sibling_1,article_101028,1.0,True,11,11,1,1,1,1,1,1,1,1,1,1,1
quiz_302224_sibling_2,article_101028,1.0,True,11,11,1,1,1,1,1,1,1,1,1,1,1
quiz_302224_sibling_3,article_101028,0.7272727272727273,False,8,11,1,1,1,1,1,1,1,0,0,1,0
quiz_302224_sibling_4,article_101028,0.8181818181818182,True,9,11,1,1,1,1,1,1,1,0,0,1,1
quiz_302225,article_101028,0.9090909090909091,True,10,11,1,1,1,1,1,1,1,1,0,1,1
quiz_302225_sibling_1,article_101028,0.9090909090909091,True,10,11,1,1,1,1,1,1,1,1,0,1,1
quiz_302225_sibling_2,article_101028,1.0,True,11,11,1,1,1,1,1,1,1,1,1,1,1
quiz_302225_sibling_3,article_101028,0.9090909090909091,True,10,11,1,1,1,1,1,1,1,1,0,1,1
quiz_302225_sibling_4,article_101028,0.9090909090909091,True,10,11,1,1,1,1,1,1,1,1,0,1,1
quiz_302226,article_101028,1.0,True,11,11,1,1,1,1,1,1,1,1,1,1,1
quiz_302226_sibling_1,article_101028,0.9090909090909091,True,10,11,1,1,1,1,1,1,1,0,1,1,1
quiz_302226_sibling_2,article_101028,0.9090909090909091,True,10,11,0,1,1,1,1,1,1,1,1,1,1
quiz_302226_sibling_3,article_101028,1.0,True,11,11,1,1,1,1,1,1,1,1,1,1,1
quiz_302226_sibling_4,article_101028,0.8181818181818182,True,9,11,1,1,1,1,1,1,1,0,1,1,0
quiz_302227,article_101028,0.9090909090909091,True,10,11,1,1,1,1,1,1,1,1,0,1,1
quiz_302227_sibling_1,article_101028,1.0,True,11,11,1,1,1,1,1,1,1,1,1,1,1
quiz_302227_sibling_2,article_101028,1.0,True,11,11,1,1,1,1,1,1,1,1,1,1,1
quiz_302227_sibling_3,article_101028,0.9090909090909091,True,10,11,1,1,1,1,1,1,1,1,1,1,0
quiz_302227_sibling_4,article_101028,1.0,True,11,11,1,1,1,1,1,1,1,1,1,1,1
quiz_302232,article_101029,0.9090909090909091,True,10,11,1,1,1,1,0,1,1,1,1,1,1
quiz_302232_sibling_1,article_101029,0.9090909090909091,True,10,11,1,1,1,1,0,1,1,1,1,1,1
quiz_302232_sibling_2,article_101029,0.9090909090909091,True,10,11,1,1,1,1,0,1,1,1,1,1,1
quiz_302232_sibling_3,article_101029,0.7272727272727273,False,8,11,1,1,1,1,0,1,1,1,0,1,0
quiz_302232_sibling_4,article_101029,0.36363636363636365,False,4,11,0,1,0,0,0,0,0,1,1,0,1
quiz_302233,article_101029,0.9090909090909091,True,10,11,1,1,1,1,1,1,1,1,0,1,1
quiz_302233_sibling_1,article_101029,0.9090909090909091,True,10,11,0,1,1,1,1,1,1,1,1,1,1
quiz_302233_sibling_2,article_101029,0.8181818181818182,True,9,11,1,0,1,1,1,1,1,1,1,1,0
quiz_302233_sibling_3,article_101029,0.7272727272727273,False,8,11,1,0,1,1,1,1,1,1,0,1,0
quiz_302233_sibling_4,article_101029,0.8181818181818182,True,9,11,1,1,0,1,1,1,1,1,1,1,0
quiz_302234,article_101029,0.8181818181818182,True,9,11,1,0,1,1,0,1,1,1,1,1,1
quiz_302234_sibling_1,article_101029,0.8181818181818182,True,9,11,1,0,1,1,1,1,1,1,0,1,1
quiz_302234_sibling_2,article_101029,0.9090909090909091,True,10,11,1,0,1,1,1,1,1,1,1,1,1
quiz_302234_sibling_3,article_101029,0.6363636363636364,False,7,11,1,0,0,1,0,1,1,1,0,1,1
quiz_302234_sibling_4,article_101029,0.9090909090909091,True,10,11,1,0,1,1,1,1,1,1,1,1,1
quiz_302235,article_101029,0.8181818181818182,True,9,11,1,1,1,1,0,1,1,1,0,1,1
quiz_302235_sibling_1,article_101029,0.9090909090909091,True,10,11,1,1,1,1,0,1,1,1,1,1,1
quiz_302235_sibling_2,article_101029,0.9090909090909091,True,10,11,1,1,1,1,0,1,1,1,1,1,1
quiz_302235_sibling_3,article_101029,0.7272727272727273,False,8,11,1,0,1,1,0,1,1,1,1,1,0
quiz_302235_sibling_4,article_101029,0.9090909090909091,True,10,11,1,1,1,1,0,1,1,1,1,1,1
quiz_302236,article_101029,0.6363636363636364,False,7,11,1,0,1,0,0,1,1,1,1,1,0
quiz_302236_sibling_1,article_101029,0.7272727272727273,False,8,11,1,0,0,1,0,1,1,1,1,1,1
quiz_302236_sibling_2,article_101029,0.8181818181818182,True,9,11,1,0,1,1,0,1,1,1,1,1,1
quiz_302236_sibling_3,article_101029,0.9090909090909091,True,10,11,1,1,1,1,0,1,1,1,1,1,1
quiz_302241,article_101030,1.0,True,11,11,1,1,1,1,1,1,1,1,1,1,1
quiz_302241_sibling_1,article_101030,1.0,True,11,11,1,1,1,1,1,1,1,1,1,1,1
quiz_302241_sibling_2,article_101030,0.9090909090909091,True,10,11,1,0,1,1,1,1,1,1,1,1,1
quiz_302241_sibling_3,article_101030,0.9090909090909091,True,10,11,1,0,1,1,1,1,1,1,1,1,1
quiz_302241_sibling_4,article_101030,0.7272727272727273,False,8,11,1,0,1,1,1,0,1,0,1,1,1
quiz_302242,article_101030,0.8181818181818182,True,9,11,1,0,1,1,0,1,1,1,1,1,1
quiz_302242_sibling_1,article_101030,1.0,True,11,11,1,1,1,1,1,1,1,1,1,1,1
quiz_302242_sibling_2,article_101030,1.0,True,11,11,1,1,1,1,1,1,1,1,1,1,1
quiz_302242_sibling_3,article_101030,0.9090909090909091,True,10,11,1,1,1,1,0,1,1,1,1,1,1
quiz_302242_sibling_4,article_101030,0.8181818181818182,True,9,11,1,1,1,1,0,1,1,1,0,1,1
quiz_302243,article_101030,1.0,True,11,11,1,1,1,1,1,1,1,1,1,1,1
quiz_302243_sibling_1,article_101030,0.8181818181818182,True,9,11,1,0,1,1,1,1,1,1,1,1,0
quiz_302243_sibling_2,article_101030,0.6363636363636364,False,7,11,1,0,1,1,0,1,0,1,1,1,0
quiz_302243_sibling_3,article_101030,0.9090909090909091,True,10,11,1,1,1,1,1,1,1,1,1,1,0
quiz_302243_sibling_4,article_101030,1.0,True,11,11,1,1,1,1,1,1,1,1,1,1,1
quiz_302244,article_101030,0.8181818181818182,True,9,11,1,1,1,1,0,0,1,1,1,1,1
quiz_302244_sibling_1,article_101030,0.9090909090909091,True,10,11,1,1,1,1,1,1,1,1,1,1,0
quiz_302244_sibling_2,article_101030,0.9090909090909091,True,10,11,1,0,1,1,1,1,1,1,1,1,1
quiz_302244_sibling_3,article_101030,0.9090909090909091,True,10,11,1,1,1,1,1,1,1,1,0,1,1
quiz_302244_sibling_4,article_101030,0.9090909090909091,True,10,11,1,1,1,1,1,1,1,1,1,1,0
quiz_302248,article_101031,0.7272727272727273,False,8,11,1,0,0,1,0,1,1,1,1,1,1
quiz_302248_sibling_1,article_101031,0.6363636363636364,False,7,11,1,0,0,1,0,1,1,1,0,1,1
quiz_302248_sibling_2,article_101031,0.6363636363636364,False,7,11,1,0,0,1,0,1,1,1,0,1,1
quiz_302248_sibling_3,article_101031,0.9090909090909091,True,10,11,1,1,1,1,0,1,1,1,1,1,1
quiz_302248_sibling_4,article_101031,0.7272727272727273,False,8,11,1,0,1,0,0,1,1,1,1,1,1
quiz_302249,article_101031,0.9090909090909091,True,10,11,1,1,1,1,1,1,1,1,1,1,0
quiz_302249_sibling_1,article_101031,1.0,True,11,11,1,1,1,1,1,1,1,1,1,1,1
quiz_302249_sibling_2,article_101031,0.9090909090909091,True,10,11,1,1,1,1,1,1,1,1,0,1,1
quiz_302249_sibling_3,article_101031,1.0,True,11,11,1,1,1,1,1,1,1,1,1,1,1
quiz_302249_sibling_4,article_101031,0.7272727272727273,False,8,11,1,1,1,1,0,0,1,0,1,1,1
quiz_302250,article_101031,0.8181818181818182,True,9,11,1,0,1,1,0,1,1,1,1,1,1
quiz_302250_sibling_1,article_101031,0.9090909090909091,True,10,11,1,1,1,1,1,1,1,1,0,1,1
quiz_302250_sibling_2,article_101031,0.9090909090909091,True,10,11,1,1,1,1,1,1,1,1,1,1,0
quiz_302250_sibling_3,article_101031,1.0,True,11,11,1,1,1,1,1,1,1,1,1,1,1
quiz_302250_sibling_4,article_101031,0.9090909090909091,True,10,11,1,1,1,1,0,1,1,1,1,1,1
quiz_302251,article_101031,0.9090909090909091,True,10,11,1,1,1,1,1,1,1,1,0,1,1
quiz_302251_sibling_1,article_101031,0.9090909090909091,True,10,11,1,1,1,1,0,1,1,1,1,1,1
quiz_302251_sibling_2,article_101031,1.0,True,11,11,1,1,1,1,1,1,1,1,1,1,1
quiz_302251_sibling_3,article_101031,0.9090909090909091,True,10,11,1,1,1,1,1,1,1,1,0,1,1
quiz_302251_sibling_4,article_101031,0.8181818181818182,True,9,11,1,1,1,0,1,1,1,1,0,1,1
quiz_302256,article_101032,0.9090909090909091,True,10,11,1,1,1,1,1,1,1,0,1,1,1
quiz_302256_sibling_1,article_101032,0.9090909090909091,True,10,11,1,1,0,1,1,1,1,1,1,1,1
quiz_302256_sibling_2,article_101032,0.8181818181818182,True,9,11,1,1,1,1,1,1,1,1,0,1,0
quiz_302256_sibling_3,article_101032,0.6363636363636364,False,7,11,1,0,1,0,1,1,1,1,0,1,0
quiz_302256_sibling_4,article_101032,1.0,True,11,11,1,1,1,1,1,1,1,1,1,1,1
quiz_302257,article_101032,0.9090909090909091,True,10,11,1,1,1,1,1,1,1,1,1,1,0
quiz_302257_sibling_1,article_101032,0.6363636363636364,False,7,11,1,0,0,0,1,1,1,1,0,1,1
quiz_302257_sibling_2,article_101032,0.9090909090909091,True,10,11,1,1,1,1,1,1,1,1,0,1,1
quiz_302257_sibling_3,article_101032,0.7272727272727273,False,8,11,1,0,1,1,0,1,1,1,1,1,0
quiz_302257_sibling_4,article_101032,0.6363636363636364,False,7,11,0,1,0,0,1,1,1,1,1,1,0
quiz_302258,article_101032,0.9090909090909091,True,10,11,1,0,1,1,1,1,1,1,1,1,1
quiz_302258_sibling_1,article_101032,0.7272727272727273,False,8,11,1,0,1,1,0,1,1,1,0,1,1
quiz_302258_sibling_2,article_101032,0.9090909090909091,True,10,11,1,1,1,1,1,1,1,1,1,1,0
quiz_302258_sibling_3,article_101032,0.7272727272727273,False,8,11,1,0,1,0,1,1,1,1,1,1,0
quiz_302258_sibling_4,article_101032,0.8181818181818182,True,9,11,1,0,1,1,0,1,1,1,1,1,1
quiz_302259,article_101032,0.8181818181818182,True,9,11,1,1,1,0,1,1,1,1,1,1,0
quiz_302259_sibling_1,article_101032,0.9090909090909091,True,10,11,1,1,1,1,1,1,1,1,1,1,0
quiz_302259_sibling_2,article_101032,0.9090909090909091,True,10,11,1,1,1,1,1,1,1,1,1,1,0
quiz_302259_sibling_3,article_101032,0.9090909090909091,True,10,11,1,0,1,1,1,1,1,1,1,1,1
quiz_302264,article_101033,0.8181818181818182,True,9,11,1,1,1,1,0,1,1,1,0,1,1
quiz_302264_sibling_1,article_101033,0.8181818181818182,True,9,11,1,0,1,1,0,1,1,1,1,1,1
quiz_302264_sibling_2,article_101033,0.8181818181818182,True,9,11,1,1,1,1,0,1,1,1,0,1,1
quiz_302264_sibling_3,article_101033,0.9090909090909091,True,10,11,1,1,1,1,0,1,1,1,1,1,1
quiz_302264_sibling_4,article_101033,0.9090909090909091,True,10,11,1,1,1,1,0,1,1,1,1,1,1
quiz_302265,article_101033,0.9090909090909091,True,10,11,1,1,1,1,1,1,1,1,1,1,0
quiz_302265_sibling_1,article_101033,1.0,True,11,11,1,1,1,1,1,1,1,1,1,1,1
quiz_302265_sibling_2,article_101033,1.0,True,11,11,1,1,1,1,1,1,1,1,1,1,1
quiz_302265_sibling_3,article_101033,0.9090909090909091,True,10,11,1,0,1,1,1,1,1,1,1,1,1
quiz_302265_sibling_4,article_101033,0.8181818181818182,True,9,11,1,0,1,1,1,0,1,1,1,1,1
quiz_302266,article_101033,1.0,True,11,11,1,1,1,1,1,1,1,1,1,1,1
quiz_302266_sibling_1,article_101033,0.8181818181818182,True,9,11,1,0,0,1,1,1,1,1,1,1,1
quiz_302266_sibling_2,article_101033,0.8181818181818182,True,9,11,1,0,0,1,1,1,1,1,1,1,1
quiz_302266_sibling_3,article_101033,0.8181818181818182,True,9,11,1,1,1,1,0,1,1,1,0,1,1
quiz_302266_sibling_4,article_101033,0.45454545454545453,False,5,11,0,0,0,0,0,1,1,1,0,1,1
quiz_302267,article_101033,1.0,True,11,11,1,1,1,1,1,1,1,1,1,1,1
quiz_302267_sibling_1,article_101033,1.0,True,11,11,1,1,1,1,1,1,1,1,1,1,1
quiz_302267_sibling_2,article_101033,0.8181818181818182,True,9,11,1,1,1,1,1,1,1,1,0,1,0
quiz_302267_sibling_3,article_101033,0.8181818181818182,True,9,11,1,1,1,1,0,1,1,1,0,1,1
quiz_302267_sibling_4,article_101033,1.0,True,11,11,1,1,1,1,1,1,1,1,1,1,1
quiz_302268,article_101033,0.6363636363636364,False,7,11,0,0,0,1,0,1,1,1,1,1,1
quiz_302268_sibling_1,article_101033,0.7272727272727273,False,8,11,0,1,0,1,0,1,1,1,1,1,1
quiz_302268_sibling_2,article_101033,0.9090909090909091,True,10,11,1,1,1,1,1,1,1,1,1,1,0
quiz_302268_sibling_3,article_101033,1.0,True,11,11,1,1,1,1,1,1,1,1,1,1,1
quiz_302268_sibling_4,article_101033,0.8181818181818182,True,9,11,1,1,1,1,0,1,1,1,0,1,1
quiz_302273,article_101034,0.8181818181818182,True,9,11,1,0,1,1,1,1,1,1,0,1,1
quiz_302273_sibling_1,article_101034,0.7272727272727273,False,8,11,1,0,0,1,1,1,1,1,1,1,0
quiz_302273_sibling_2,article_101034,0.9090909090909091,True,10,11,1,1,1,1,0,1,1,1,1,1,1
quiz_302273_sibling_3,article_101034,0.7272727272727273,False,8,11,1,0,0,1,1,1,1,1,0,1,1
quiz_302273_sibling_4,article_101034,1.0,True,11,11,1,1,1,1,1,1,1,1,1,1,1
quiz_302274,article_101034,0.6363636363636364,False,7,11,0,1,1,0,0,1,1,1,0,1,1
quiz_302274_sibling_1,article_101034,0.9090909090909091,True,10,11,1,1,1,1,1,1,1,1,1,1,0
quiz_302274_sibling_2,article_101034,0.9090909090909091,True,10,11,1,1,1,1,1,1,1,1,1,1,0
quiz_302274_sibling_3,article_101034,0.8181818181818182,True,9,11,1,0,1,1,1,1,1,1,0,1,1
quiz_302274_sibling_4,article_101034,0.9090909090909091,True,10,11,1,1,1,1,1,1,1,1,0,1,1
quiz_302275,article_101034,0.8181818181818182,True,9,11,1,1,1,1,0,1,1,1,0,1,1
quiz_302275_sibling_1,article_101034,0.9090909090909091,True,10,11,1,1,1,1,1,1,1,1,1,1,0
quiz_302275_sibling_2,article_101034,0.7272727272727273,False,8,11,1,0,1,1,0,1,1,1,1,1,0
quiz_302275_sibling_3,article_101034,0.9090909090909091,True,10,11,1,1,1,1,1,1,1,1,1,1,0
quiz_302275_sibling_4,article_101034,0.8181818181818182,True,9,11,1,0,1,1,1,1,1,1,1,1,0
quiz_302276,article_101034,0.8181818181818182,True,9,11,1,0,1,1,1,1,1,1,0,1,1
quiz_302276_sibling_1,article_101034,0.8181818181818182,True,9,11,1,0,0,1,1,1,1,1,1,1,1
quiz_302276_sibling_2,article_101034,0.9090909090909091,True,10,11,1,1,1,1,1,1,1,1,0,1,1
quiz_302276_sibling_3,article_101034,0.8181818181818182,True,9,11,1,1,1,1,1,1,1,1,0,1,0
quiz_302276_sibling_4,article_101034,0.9090909090909091,True,10,11,1,1,1,1,1,1,1,1,1,1,0
quiz_302281,article_101035,0.8181818181818182,True,9,11,1,1,1,1,0,1,1,1,1,1,0
quiz_302281_sibling_1,article_101035,0.8181818181818182,True,9,11,1,1,1,1,0,1,1,1,0,1,1
quiz_302281_sibling_2,article_101035,0.7272727272727273,False,8,11,0,1,0,1,0,1,1,1,1,1,1
quiz_302281_sibling_3,article_101035,0.8181818181818182,True,9,11,1,1,1,1,0,1,1,1,0,1,1
quiz_302281_sibling_4,article_101035,0.9090909090909091,True,10,11,1,1,1,1,0,1,1,1,1,1,1
quiz_302282,article_101035,0.8181818181818182,True,9,11,1,0,0,1,1,1,1,1,1,1,1
quiz_302282_sibling_1,article_101035,1.0,True,11,11,1,1,1,1,1,1,1,1,1,1,1
quiz_302282_sibling_2,article_101035,0.9090909090909091,True,10,11,1,1,1,1,1,1,1,1,0,1,1
quiz_302282_sibling_3,article_101035,0.9090909090909091,True,10,11,1,1,1,1,1,1,1,1,0,1,1
quiz_302282_sibling_4,article_101035,1.0,True,11,11,1,1,1,1,1,1,1,1,1,1,1
quiz_302283,article_101035,1.0,True,11,11,1,1,1,1,1,1,1,1,1,1,1
quiz_302283_sibling_1,article_101035,1.0,True,11,11,1,1,1,1,1,1,1,1,1,1,1
quiz_302283_sibling_2,article_101035,1.0,True,11,11,1,1,1,1,1,1,1,1,1,1,1
quiz_302283_sibling_3,article_101035,1.0,True,11,11,1,1,1,1,1,1,1,1,1,1,1
quiz_302283_sibling_4,article_101035,1.0,True,11,11,1,1,1,1,1,1,1,1,1,1,1
quiz_302284,article_101035,1.0,True,11,11,1,1,1,1,1,1,1,1,1,1,1
quiz_302284_sibling_1,article_101035,0.8181818181818182,True,9,11,1,0,0,1,1,1,1,1,1,1,1
quiz_302284_sibling_2,article_101035,0.9090909090909091,True,10,11,1,0,1,1,1,1,1,1,1,1,1
quiz_302284_sibling_3,article_101035,1.0,True,11,11,1,1,1,1,1,1,1,1,1,1,1
quiz_302284_sibling_4,article_101035,0.8181818181818182,True,9,11,1,0,0,1,1,1,1,1,1,1,1
quiz_302288,article_101036,0.6363636363636364,False,7,11,0,0,0,1,0,1,1,1,1,1,1
quiz_302288_sibling_1,article_101036,0.6363636363636364,False,7,11,1,0,0,1,0,1,1,1,0,1,1
quiz_302288_sibling_2,article_101036,0.7272727272727273,False,8,11,1,0,1,0,0,1,1,1,1,1,1
quiz_302288_sibling_3,article_101036,0.8181818181818182,True,9,11,1,0,1,1,0,1,1,1,1,1,1
quiz_302288_sibling_4,article_101036,0.8181818181818182,True,9,11,1,0,1,1,0,1,1,1,1,1,1
quiz_302289,article_101036,0.9090909090909091,True,10,11,1,1,1,1,1,1,1,1,1,1,0
quiz_302289_sibling_1,article_101036,1.0,True,11,11,1,1,1,1,1,1,1,1,1,1,1
quiz_302289_sibling_2,article_101036,1.0,True,11,11,1,1,1,1,1,1,1,1,1,1,1
quiz_302289_sibling_3,article_101036,1.0,True,11,11,1,1,1,1,1,1,1,1,1,1,1
quiz_302289_sibling_4,article_101036,0.8181818181818182,True,9,11,1,0,0,1,1,1,1,1,1,1,1
quiz_302290,article_101036,0.6363636363636364,False,7,11,0,0,1,0,1,1,1,1,0,1,1
quiz_302290_sibling_1,article_101036,0.8181818181818182,True,9,11,1,0,1,1,1,1,1,1,0,1,1
quiz_302290_sibling_2,article_101036,1.0,True,11,11,1,1,1,1,1,1,1,1,1,1,1
quiz_302290_sibling_3,article_101036,0.8181818181818182,True,9,11,1,0,1,1,1,1,1,1,0,1,1
quiz_302290_sibling_4,article_101036,0.8181818181818182,True,9,11,1,0,1,1,1,1,1,1,0,1,1
quiz_302291,article_101036,1.0,True,11,11,1,1,1,1,1,1,1,1,1,1,1
quiz_302291_sibling_1,article_101036,0.7272727272727273,False,8,11,1,0,1,0,1,1,1,1,1,1,0
quiz_302291_sibling_2,article_101036,1.0,True,11,11,1,1,1,1,1,1,1,1,1,1,1
quiz_302291_sibling_3,article_101036,1.0,True,11,11,1,1,1,1,1,1,1,1,1,1,1
quiz_302291_sibling_4,article_101036,0.5454545454545454,False,6,11,0,0,1,0,0,1,1,1,1,1,0
quiz_302296,article_101037,0.8181818181818182,True,9,11,1,0,0,1,1,1,1,1,1,1,1
quiz_302296_sibling_1,article_101037,0.5454545454545454,False,6,11,1,0,0,1,0,1,1,1,0,1,0
quiz_302296_sibling_2,article_101037,0.9090909090909091,True,10,11,1,1,1,1,0,1,1,1,1,1,1
quiz_302296_sibling_3,article_101037,0.9090909090909091,True,10,11,1,1,1,1,0,1,1,1,1,1,1
quiz_302296_sibling_4,article_101037,0.9090909090909091,True,10,11,1,1,1,1,1,1,1,1,1,1,0
quiz_302297,article_101037,0.9090909090909091,True,10,11,1,1,1,1,1,1,1,1,0,1,1
quiz_302297_sibling_1,article_101037,0.8181818181818182,True,9,11,1,0,1,1,1,1,1,1,0,1,1
quiz_302297_sibling_2,article_101037,0.7272727272727273,False,8,11,1,1,1,1,0,1,1,1,0,1,0
quiz_302297_sibling_3,article_101037,0.2727272727272727,False,3,11,0,0,0,0,0,0,0,1,1,1,0
quiz_302297_sibling_4,article_101037,1.0,True,11,11,1,1,1,1,1,1,1,1,1,1,1
quiz_302298,article_101037,0.8181818181818182,True,9,11,1,1,1,1,0,1,1,1,0,1,1
quiz_302298_sibling_1,article_101037,0.7272727272727273,False,8,11,1,1,1,1,0,1,1,1,0,1,0
quiz_302298_sibling_2,article_101037,0.7272727272727273,False,8,11,1,1,1,1,0,1,1,1,0,1,0
quiz_302298_sibling_3,article_101037,0.5454545454545454,False,6,11,1,1,1,1,0,0,0,0,1,1,0
quiz_302298_sibling_4,article_101037,0.8181818181818182,True,9,11,1,1,1,1,0,1,1,1,1,1,0
quiz_302299,article_101037,0.9090909090909091,True,10,11,1,0,1,1,1,1,1,1,1,1,1
quiz_302299_sibling_1,article_101037,0.6363636363636364,False,7,11,1,0,1,0,1,1,1,1,0,1,0
quiz_302299_sibling_2,article_101037,1.0,True,11,11,1,1,1,1,1,1,1,1,1,1,1
quiz_302299_sibling_3,article_101037,0.8181818181818182,True,9,11,1,1,1,1,0,1,1,1,1,1,0
quiz_302299_sibling_4,article_101037,0.9090909090909091,True,10,11,1,1,1,1,1,1,1,1,0,1,1
quiz_302304,article_101038,0.9090909090909091,True,10,11,1,1,1,1,0,1,1,1,1,1,1
quiz_302304_sibling_1,article_101038,0.8181818181818182,True,9,11,1,1,1,1,0,1,1,1,0,1,1
quiz_302304_sibling_2,article_101038,0.9090909090909091,True,10,11,1,1,1,1,0,1,1,1,1,1,1
quiz_302304_sibling_3,article_101038,1.0,True,11,11,1,1,1,1,1,1,1,1,1,1,1
quiz_302304_sibling_4,article_101038,0.7272727272727273,False,8,11,1,1,1,1,0,0,1,1,1,1,0
quiz_302305,article_101038,1.0,True,11,11,1,1,1,1,1,1,1,1,1,1,1
quiz_302305_sibling_1,article_101038,0.9090909090909091,True,10,11,1,1,1,1,1,1,1,1,1,1,0
quiz_302305_sibling_2,article_101038,0.8181818181818182,True,9,11,0,1,1,1,1,1,0,1,1,1,1
quiz_302305_sibling_3,article_101038,0.9090909090909091,True,10,11,1,1,1,1,1,1,1,1,1,1,0
quiz_302305_sibling_4,article_101038,0.9090909090909091,True,10,11,1,0,1,1,1,1,1,1,1,1,1
quiz_302306,article_101038,1.0,True,11,11,1,1,1,1,1,1,1,1,1,1,1
quiz_302306_sibling_1,article_101038,0.9090909090909091,True,10,11,1,1,1,1,1,1,1,1,0,1,1
quiz_302306_sibling_2,article_101038,0.8181818181818182,True,9,11,0,1,1,1,1,1,1,1,0,1,1
quiz_302306_sibling_3,article_101038,0.9090909090909091,True,10,11,1,0,1,1,1,1,1,1,1,1,1
quiz_302306_sibling_4,article_101038,1.0,True,11,11,1,1,1,1,1,1,1,1,1,1,1
quiz_302307,article_101038,0.9090909090909091,True,10,11,1,1,1,1,0,1,1,1,1,1,1
quiz_302307_sibling_1,article_101038,0.8181818181818182,True,9,11,1,1,1,1,0,1,1,1,0,1,1
quiz_302307_sibling_2,article_101038,0.8181818181818182,True,9,11,1,1,1,1,0,1,1,1,0,1,1
quiz_302307_sibling_3,article_101038,0.9090909090909091,True,10,11,1,1,1,1,0,1,1,1,1,1,1
quiz_302307_sibling_4,article_101038,0.6363636363636364,False,7,11,1,0,1,1,0,0,1,1,0,1,1
quiz_302312,article_101039,0.8181818181818182,True,9,11,1,1,1,1,0,1,1,1,1,1,0
quiz_302312_sibling_1,article_101039,0.9090909090909091,True,10,11,1,1,1,1,0,1,1,1,1,1,1
quiz_302312_sibling_2,article_101039,0.8181818181818182,True,9,11,1,1,1,1,0,1,1,1,0,1,1
quiz_302312_sibling_3,article_101039,0.9090909090909091,True,10,11,1,1,1,1,0,1,1,1,1,1,1
quiz_302312_sibling_4,article_101039,1.0,True,11,11,1,1,1,1,1,1,1,1,1,1,1
quiz_302313,article_101039,1.0,True,11,11,1,1,1,1,1,1,1,1,1,1,1
quiz_302313_sibling_1,article_101039,0.9090909090909091,True,10,11,1,1,1,1,1,1,1,1,1,1,0
quiz_302313_sibling_2,article_101039,0.8181818181818182,True,9,11,1,1,1,1,0,1,1,1,1,1,0
quiz_302313_sibling_3,article_101039,0.7272727272727273,False,8,11,1,1,1,1,0,1,0,1,1,1,0
quiz_302313_sibling_4,article_101039,0.8181818181818182,True,9,11,1,1,1,1,0,1,1,1,1,1,0
quiz_302314,article_101039,1.0,True,11,11,1,1,1,1,1,1,1,1,1,1,1
quiz_302314_sibling_1,article_101039,0.8181818181818182,True,9,11,1,1,1,1,0,1,1,1,0,1,1
quiz_302314_sibling_2,article_101039,0.7272727272727273,False,8,11,1,0,1,1,0,1,1,1,0,1,1
quiz_302314_sibling_3,article_101039,1.0,True,11,11,1,1,1,1,1,1,1,1,1,1,1
quiz_302314_sibling_4,article_101039,0.7272727272727273,False,8,11,1,0,1,1,0,1,1,1,0,1,1
quiz_302315,article_101039,0.9090909090909091,True,10,11,1,1,1,1,1,1,1,1,1,1,0
quiz_302315_sibling_1,article_101039,0.8181818181818182,True,9,11,1,0,1,1,1,1,1,1,1,1,0
quiz_302315_sibling_2,article_101039,0.9090909090909091,True,10,11,1,1,1,1,1,1,1,1,1,1,0
quiz_302315_sibling_3,article_101039,1.0,True,11,11,1,1,1,1,1,1,1,1,1,1,1
quiz_302315_sibling_4,article_101039,0.8181818181818182,True,9,11,1,0,0,1,1,1,1,1,1,1,1
quiz_302316,article_101039,0.9090909090909091,True,10,11,1,0,1,1,1,1,1,1,1,1,1
quiz_302316_sibling_1,article_101039,0.8181818181818182,True,9,11,1,1,1,1,0,1,1,1,1,1,0
quiz_302316_sibling_2,article_101039,0.9090909090909091,True,10,11,1,1,1,1,0,1,1,1,1,1,1
quiz_302316_sibling_3,article_101039,0.9090909090909091,True,10,11,1,1,1,1,1,1,1,1,1,1,0
quiz_302316_sibling_4,article_101039,0.9090909090909091,True,10,11,1,1,1,1,1,1,1,1,1,1,0
quiz_302321,article_101040,0.9090909090909091,True,10,11,1,1,1,1,0,1,1,1,1,1,1
quiz_302321_sibling_1,article_101040,0.9090909090909091,True,10,11,1,1,1,1,1,1,1,1,0,1,1
quiz_302321_sibling_2,article_101040,0.6363636363636364,False,7,11,1,0,1,1,0,0,1,1,0,1,1
quiz_302321_sibling_3,article_101040,0.8181818181818182,True,9,11,1,0,1,1,0,1,1,1,1,1,1
quiz_302321_sibling_4,article_101040,0.8181818181818182,True,9,11,1,1,1,1,0,1,1,1,0,1,1
quiz_302322,article_101040,0.9090909090909091,True,10,11,1,1,1,1,1,1,1,1,1,1,0
quiz_302322_sibling_1,article_101040,1.0,True,11,11,1,1,1,1,1,1,1,1,1,1,1
quiz_302322_sibling_2,article_101040,0.9090909090909091,True,10,11,1,1,1,1,1,1,1,1,1,1,0
quiz_302322_sibling_3,article_101040,0.9090909090909091,True,10,11,1,1,1,1,1,1,1,1,1,1,0
quiz_302322_sibling_4,article_101040,0.9090909090909091,True,10,11,1,1,1,1,1,1,1,1,1,1,0
quiz_302323,article_101040,0.8181818181818182,True,9,11,1,1,1,1,0,1,1,1,0,1,1
quiz_302323_sibling_1,article_101040,0.6363636363636364,False,7,11,1,1,1,1,0,0,1,0,0,1,1
quiz_302323_sibling_2,article_101040,0.8181818181818182,True,9,11,1,0,1,1,0,1,1,1,1,1,1
quiz_302323_sibling_3,article_101040,0.8181818181818182,True,9,11,1,1,1,1,0,1,1,0,1,1,1
quiz_302323_sibling_4,article_101040,0.8181818181818182,True,9,11,1,1,1,1,0,1,1,0,1,1,1
quiz_302324,article_101040,1.0,True,11,11,1,1,1,1,1,1,1,1,1,1,1
quiz_302324_sibling_1,article_101040,0.9090909090909091,True,10,11,1,0,1,1,1,1,1,1,1,1,1
quiz_302324_sibling_2,article_101040,0.8181818181818182,True,9,11,1,0,1,1,1,1,1,1,0,1,1
quiz_302324_sibling_3,article_101040,0.9090909090909091,True,10,11,1,0,1,1,1,1,1,1,1,1,1
quiz_302324_sibling_4,article_101040,0.9090909090909091,True,10,11,1,1,1,1,1,1,1,1,1,1,0
quiz_302328,article_101041,1.0,True,11,11,1,1,1,1,1,1,1,1,1,1,1
quiz_302328_sibling_1,article_101041,0.8181818181818182,True,9,11,1,1,1,1,1,1,1,1,0,1,0
quiz_302328_sibling_2,article_101041,0.9090909090909091,True,10,11,1,1,1,1,0,1,1,1,1,1,1
quiz_302328_sibling_3,article_101041,0.8181818181818182,True,9,11,1,0,1,1,1,1,1,1,1,1,0
quiz_302328_sibling_4,article_101041,0.8181818181818182,True,9,11,1,1,1,1,1,1,1,1,0,1,0
quiz_302329,article_101041,0.9090909090909091,True,10,11,1,1,1,1,0,1,1,1,1,1,1
quiz_302329_sibling_1,article_101041,0.7272727272727273,False,8,11,1,1,1,1,0,1,0,1,1,1,0
quiz_302329_sibling_2,article_101041,0.9090909090909091,True,10,11,1,1,1,1,0,1,1,1,1,1,1
quiz_302329_sibling_3,article_101041,0.7272727272727273,False,8,11,1,0,1,1,0,1,1,1,1,1,0
quiz_302329_sibling_4,article_101041,1.0,True,11,11,1,1,1,1,1,1,1,1,1,1,1
quiz_302330,article_101041,0.9090909090909091,True,10,11,1,1,1,1,1,1,1,1,1,1,0
quiz_302330_sibling_1,article_101041,0.9090909090909091,True,10,11,1,1,1,1,1,1,1,1,1,1,0
quiz_302330_sibling_2,article_101041,0.8181818181818182,True,9,11,1,1,1,1,0,1,1,1,1,1,0
quiz_302330_sibling_3,article_101041,0.8181818181818182,True,9,11,1,0,1,1,1,1,1,1,1,1,0
quiz_302330_sibling_4,article_101041,1.0,True,11,11,1,1,1,1,1,1,1,1,1,1,1
quiz_302331,article_101041,0.8181818181818182,True,9,11,1,0,1,1,1,1,1,1,0,1,1
quiz_302331_sibling_1,article_101041,0.6363636363636364,False,7,11,0,0,0,1,1,1,1,1,1,1,0
quiz_302331_sibling_2,article_101041,0.7272727272727273,False,8,11,1,1,1,1,0,1,1,1,0,1,0
quiz_302331_sibling_3,article_101041,0.9090909090909091,True,10,11,1,1,1,1,1,1,1,1,1,1,0
quiz_302331_sibling_4,article_101041,0.8181818181818182,True,9,11,1,0,1,1,1,1,1,1,1,1,0
quiz_302336,article_101042,0.8181818181818182,True,9,11,1,1,1,1,0,1,1,1,1,1,0
quiz_302336_sibling_1,article_101042,0.7272727272727273,False,8,11,1,0,1,1,0,1,1,1,0,1,1
quiz_302336_sibling_2,article_101042,0.6363636363636364,False,7,11,1,0,1,1,0,0,1,0,1,1,1
quiz_302336_sibling_3,article_101042,0.9090909090909091,True,10,11,1,1,1,1,0,1,1,1,1,1,1
quiz_302336_sibling_4,article_101042,0.8181818181818182,True,9,11,1,1,1,1,0,1,1,1,1,1,0
quiz_302337,article_101042,0.9090909090909091,True,10,11,1,1,1,1,1,1,1,1,1,1,0
quiz_302337_sibling_1,article_101042,0.9090909090909091,True,10,11,1,1,1,1,1,1,1,1,1,1,0
quiz_302337_sibling_2,article_101042,0.9090909090909091,True,10,11,1,1,1,1,1,1,1,1,1,1,0
quiz_302337_sibling_3,article_101042,1.0,True,11,11,1,1,1,1,1,1,1,1,1,1,1
quiz_302337_sibling_4,article_101042,1.0,True,11,11,1,1,1,1,1,1,1,1,1,1,1
quiz_302338,article_101042,0.8181818181818182,True,9,11,1,1,1,1,1,0,1,1,1,1,0
quiz_302338_sibling_1,article_101042,0.8181818181818182,True,9,11,1,0,0,1,1,1,1,1,1,1,1
quiz_302338_sibling_2,article_101042,0.8181818181818182,True,9,11,1,1,1,1,0,1,1,1,1,1,0
quiz_302338_sibling_3,article_101042,0.8181818181818182,True,9,11,1,0,1,1,1,1,1,1,1,1,0
quiz_302338_sibling_4,article_101042,0.7272727272727273,False,8,11,1,0,0,1,1,1,1,1,1,1,0
quiz_302339,article_101042,0.9090909090909091,True,10,11,1,1,1,1,1,1,1,1,1,1,0
quiz_302339_sibling_1,article_101042,0.8181818181818182,True,9,11,1,1,1,1,1,0,1,1,1,1,0
quiz_302339_sibling_2,article_101042,0.7272727272727273,False,8,11,1,1,1,1,1,1,1,0,0,1,0
quiz_302339_sibling_3,article_101042,0.9090909090909091,True,10,11,1,1,1,1,1,1,1,1,1,1,0
quiz_302339_sibling_4,article_101042,0.7272727272727273,False,8,11,1,0,1,1,1,1,1,0,1,1,0
quiz_302344,article_101043,0.9090909090909091,True,10,11,1,1,1,1,0,1,1,1,1,1,1
quiz_302344_sibling_1,article_101043,0.9090909090909091,True,10,11,1,1,1,1,0,1,1,1,1,1,1
quiz_302344_sibling_2,article_101043,0.8181818181818182,True,9,11,0,1,1,1,0,1,1,1,1,1,1
quiz_302344_sibling_3,article_101043,0.7272727272727273,False,8,11,1,0,0,1,0,1,1,1,1,1,1
quiz_302344_sibling_4,article_101043,0.8181818181818182,True,9,11,1,1,1,1,0,1,1,1,1,1,0
quiz_302345,article_101043,0.7272727272727273,False,8,11,0,0,0,1,1,1,1,1,1,1,1
quiz_302345_sibling_1,article_101043,0.8181818181818182,True,9,11,1,0,1,0,1,1,1,1,1,1,1
quiz_302345_sibling_2,article_101043,0.9090909090909091,True,10,11,1,0,1,1,1,1,1,1,1,1,1
quiz_302345_sibling_3,article_101043,0.8181818181818182,True,9,11,1,1,1,1,0,0,1,1,1,1,1
quiz_302345_sibling_4,article_101043,0.6363636363636364,False,7,11,1,0,1,1,0,1,1,1,0,1,0
quiz_302346,article_101043,0.8181818181818182,True,9,11,0,1,1,1,1,1,1,1,0,1,1
quiz_302346_sibling_1,article_101043,0.8181818181818182,True,9,11,1,0,0,1,1,1,1,1,1,1,1
quiz_302346_sibling_2,article_101043,1.0,True,11,11,1,1,1,1,1,1,1,1,1,1,1
quiz_302346_sibling_3,article_101043,0.8181818181818182,True,9,11,1,0,1,1,0,1,1,1,1,1,1
quiz_302346_sibling_4,article_101043,0.5454545454545454,False,6,11,0,0,0,0,1,1,0,1,1,1,1
quiz_302347,article_101043,1.0,True,11,11,1,1,1,1,1,1,1,1,1,1,1
quiz_302347_sibling_1,article_101043,1.0,True,11,11,1,1,1,1,1,1,1,1,1,1,1
quiz_302347_sibling_2,article_101043,0.8181818181818182,True,9,11,1,1,1,1,1,1,1,1,0,1,0
quiz_302347_sibling_3,article_101043,0.9090909090909091,True,10,11,1,1,1,1,1,1,1,1,1,1,0
quiz_302347_sibling_4,article_101043,0.9090909090909091,True,10,11,1,1,1,1,0,1,1,1,1,1,1
quiz_302348,article_101043,1.0,True,11,11,1,1,1,1,1,1,1,1,1,1,1
quiz_302348_sibling_1,article_101043,0.9090909090909091,True,10,11,1,1,1,1,1,1,1,1,1,1,0
quiz_302348_sibling_2,article_101043,0.9090909090909091,True,10,11,1,1,1,1,1,1,1,1,1,1,0
quiz_302348_sibling_3,article_101043,0.8181818181818182,True,9,11,1,0,1,1,1,1,1,1,1,1,0
quiz_302353,article_101044,1.0,True,11,11,1,1,1,1,1,1,1,1,1,1,1
quiz_302353_sibling_1,article_101044,0.9090909090909091,True,10,11,1,1,1,1,1,1,1,1,0,1,1
quiz_302353_sibling_2,article_101044,1.0,True,11,11,1,1,1,1,1,1,1,1,1,1,1
quiz_302353_sibling_3,article_101044,0.9090909090909091,True,10,11,1,1,1,1,1,1,1,1,0,1,1
quiz_302353_sibling_4,article_101044,0.9090909090909091,True,10,11,1,1,1,1,1,1,1,1,1,1,0
quiz_302354,article_101044,1.0,True,11,11,1,1,1,1,1,1,1,1,1,1,1
quiz_302354_sibling_1,article_101044,1.0,True,11,11,1,1,1,1,1,1,1,1,1,1,1
quiz_302354_sibling_2,article_101044,1.0,True,11,11,1,1,1,1,1,1,1,1,1,1,1
quiz_302354_sibling_3,article_101044,0.8181818181818182,True,9,11,1,1,1,1,1,1,1,1,0,1,0
quiz_302354_sibling_4,article_101044,0.9090909090909091,True,10,11,1,1,1,1,1,1,1,1,1,1,0
quiz_302355,article_101044,0.8181818181818182,True,9,11,1,1,1,1,0,1,1,1,1,1,0
quiz_302355_sibling_1,article_101044,0.6363636363636364,False,7,11,1,0,0,1,0,1,1,1,0,1,1
quiz_302355_sibling_2,article_101044,0.9090909090909091,True,10,11,1,1,1,1,1,1,1,1,1,1,0
quiz_302355_sibling_3,article_101044,0.7272727272727273,False,8,11,1,0,1,0,0,1,1,1,1,1,1
quiz_302355_sibling_4,article_101044,0.8181818181818182,True,9,11,1,1,1,1,0,1,1,1,1,1,0
quiz_302356,article_101044,1.0,True,11,11,1,1,1,1,1,1,1,1,1,1,1
quiz_302356_sibling_1,article_101044,0.7272727272727273,False,8,11,0,1,1,0,1,1,1,1,1,1,0
quiz_302356_sibling_2,article_101044,0.7272727272727273,False,8,11,1,0,0,1,1,1,1,1,1,1,0
quiz_302356_sibling_3,article_101044,0.7272727272727273,False,8,11,1,0,1,0,1,1,1,1,1,1,0
quiz_302356_sibling_4,article_101044,0.8181818181818182,True,9,11,1,1,1,1,0,1,1,1,1,1,0
quiz_302361,article_101045,0.9090909090909091,True,10,11,1,0,1,1,1,1,1,1,1,1,1
quiz_302361_sibling_1,article_101045,0.8181818181818182,True,9,11,1,0,1,1,1,1,1,1,1,1,0
quiz_302361_sibling_2,article_101045,0.8181818181818182,True,9,11,1,1,1,1,0,1,1,1,0,1,1
quiz_302361_sibling_3,article_101045,0.8181818181818182,True,9,11,1,0,0,1,1,1,1,1,1,1,1
quiz_302361_sibling_4,article_101045,0.8181818181818182,True,9,11,1,1,1,1,1,1,1,1,0,1,0
quiz_302362,article_101045,0.5454545454545454,False,6,11,0,0,0,0,1,1,1,1,0,1,1
quiz_302362_sibling_1,article_101045,0.9090909090909091,True,10,11,1,1,1,1,1,1,1,1,0,1,1
quiz_302362_sibling_2,article_101045,0.5454545454545454,False,6,11,1,0,1,0,0,1,1,1,0,1,0
quiz_302362_sibling_3,article_101045,0.5454545454545454,False,6,11,1,0,0,1,0,1,1,1,0,1,0
quiz_302362_sibling_4,article_101045,0.7272727272727273,False,8,11,0,1,1,0,1,1,1,1,0,1,1
quiz_302363,article_101045,0.9090909090909091,True,10,11,1,1,1,1,1,1,1,1,1,1,0
quiz_302363_sibling_1,article_101045,0.9090909090909091,True,10,11,1,1,1,1,1,1,1,1,1,1,0
quiz_302363_sibling_2,article_101045,0.6363636363636364,False,7,11,1,0,0,1,1,1,1,1,0,1,0
quiz_302363_sibling_3,article_101045,0.7272727272727273,False,8,11,1,0,0,1,1,1,1,1,1,1,0
quiz_302363_sibling_4,article_101045,0.7272727272727273,False,8,11,1,0,1,1,1,1,1,1,0,1,0
quiz_302364,article_101045,0.8181818181818182,True,9,11,1,0,1,1,1,1,1,1,0,1,1
quiz_302364_sibling_1,article_101045,0.5454545454545454,False,6,11,0,0,0,1,1,1,1,1,0,1,0
quiz_302364_sibling_2,article_101045,0.5454545454545454,False,6,11,0,1,0,0,1,1,1,1,0,1,0
quiz_302364_sibling_3,article_101045,0.6363636363636364,False,7,11,1,0,1,1,0,1,1,1,0,1,0
quiz_302364_sibling_4,article_101045,0.6363636363636364,False,7,11,0,1,1,0,1,1,1,1,0,1,0
quiz_302365,article_101045,0.45454545454545453,False,5,11,0,0,0,0,1,1,1,1,0,1,0
quiz_302365_sibling_1,article_101045,0.7272727272727273,False,8,11,1,1,1,1,0,1,1,1,0,1,0
quiz_302365_sibling_2,article_101045,0.8181818181818182,True,9,11,1,0,1,1,1,1,1,1,0,1,1
quiz_302365_sibling_3,article_101045,0.6363636363636364,False,7,11,0,1,1,0,1,1,1,1,0,1,0
quiz_302365_sibling_4,article_101045,0.8181818181818182,True,9,11,1,1,1,1,1,1,1,1,0,1,0
quiz_302370,article_101046,0.9090909090909091,True,10,11,1,1,1,1,1,1,1,1,1,1,0
quiz_302370_sibling_1,article_101046,0.8181818181818182,True,9,11,1,1,1,1,0,0,1,1,1,1,1
quiz_302370_sibling_2,article_101046,0.7272727272727273,False,8,11,0,1,0,1,0,1,1,1,1,1,1
quiz_302370_sibling_3,article_101046,0.8181818181818182,True,9,11,1,1,1,1,1,1,1,1,0,1,0
quiz_302370_sibling_4,article_101046,0.8181818181818182,True,9,11,1,0,1,1,1,0,1,1,1,1,1
quiz_302371,article_101046,0.8181818181818182,True,9,11,1,1,1,1,1,1,1,1,0,1,0
quiz_302371_sibling_1,article_101046,0.6363636363636364,False,7,11,0,0,1,1,1,1,1,1,0,1,0
quiz_302371_sibling_2,article_101046,0.9090909090909091,True,10,11,1,1,1,1,1,1,1,1,1,1,0
quiz_302371_sibling_3,article_101046,0.8181818181818182,True,9,11,1,0,1,1,1,1,1,1,1,1,0
quiz_302371_sibling_4,article_101046,0.9090909090909091,True,10,11,1,1,1,1,1,1,1,1,1,1,0
quiz_302372,article_101046,1.0,True,11,11,1,1,1,1,1,1,1,1,1,1,1
quiz_302372_sibling_1,article_101046,0.2727272727272727,False,3,11,0,0,0,0,0,0,0,1,1,1,0
quiz_302372_sibling_2,article_101046,0.8181818181818182,True,9,11,1,1,1,1,1,1,1,1,0,1,0
quiz_302372_sibling_3,article_101046,1.0,True,11,11,1,1,1,1,1,1,1,1,1,1,1
quiz_302372_sibling_4,article_101046,0.7272727272727273,False,8,11,1,0,1,1,1,1,1,1,0,1,0
quiz_302373,article_101046,0.7272727272727273,False,8,11,1,0,1,1,1,1,1,1,0,1,0
quiz_302373_sibling_1,article_101046,0.8181818181818182,True,9,11,1,0,1,1,1,1,1,1,0,1,1
quiz_302373_sibling_2,article_101046,0.5454545454545454,False,6,11,1,0,1,1,0,0,1,1,0,1,0
quiz_302373_sibling_3,article_101046,0.7272727272727273,False,8,11,1,0,1,1,1,1,1,1,0,1,0
quiz_302373_sibling_4,article_101046,0.8181818181818182,True,9,11,1,0,1,1,1,1,1,1,1,1,0
quiz_302378,article_101047,0.45454545454545453,False,5,11,0,0,0,0,1,1,1,1,0,1,0
quiz_302378_sibling_1,article_101047,1.0,True,11,11,1,1,1,1,1,1,1,1,1,1,1
quiz_302378_sibling_2,article_101047,0.9090909090909091,True,10,11,1,1,1,1,1,1,1,1,1,1,0
quiz_302378_sibling_3,article_101047,0.7272727272727273,False,8,11,1,1,1,1,0,1,1,1,0,1,0
quiz_302378_sibling_4,article_101047,0.8181818181818182,True,9,11,1,0,1,1,1,1,1,1,1,1,0
quiz_302379,article_101047,0.9090909090909091,True,10,11,1,1,1,1,0,1,1,1,1,1,1
quiz_302379_sibling_1,article_101047,0.7272727272727273,False,8,11,1,0,1,1,0,1,1,1,1,1,0
quiz_302379_sibling_2,article_101047,0.9090909090909091,True,10,11,1,1,1,1,1,1,1,1,1,1,0
quiz_302379_sibling_3,article_101047,0.8181818181818182,True,9,11,1,1,1,1,0,1,1,1,1,1,0
quiz_302379_sibling_4,article_101047,0.8181818181818182,True,9,11,1,1,1,1,0,1,1,1,1,1,0
quiz_302380,article_101047,0.9090909090909091,True,10,11,1,1,1,1,1,1,1,1,1,1,0
quiz_302380_sibling_1,article_101047,0.8181818181818182,True,9,11,1,1,1,1,1,1,1,1,0,1,0
quiz_302380_sibling_2,article_101047,0.7272727272727273,False,8,11,1,0,0,1,1,1,1,1,1,1,0
quiz_302380_sibling_3,article_101047,0.7272727272727273,False,8,11,1,1,1,0,0,1,1,1,1,1,0
quiz_302380_sibling_4,article_101047,0.8181818181818182,True,9,11,1,1,1,1,1,1,1,1,0,1,0
quiz_302381,article_101047,0.8181818181818182,True,9,11,1,0,1,1,1,1,1,1,1,1,0
quiz_302381_sibling_1,article_101047,0.7272727272727273,False,8,11,1,1,1,0,0,1,1,1,1,1,0
quiz_302381_sibling_2,article_101047,0.8181818181818182,True,9,11,1,1,1,1,0,1,1,1,1,1,0
quiz_302381_sibling_3,article_101047,0.8181818181818182,True,9,11,1,1,1,1,0,1,1,1,1,1,0
quiz_302381_sibling_4,article_101047,0.8181818181818182,True,9,11,1,1,1,1,0,1,1,1,1,1,0
quiz_302382,article_101047,0.9090909090909091,True,10,11,1,1,1,1,1,1,1,1,1,1,0
quiz_302382_sibling_1,article_101047,0.8181818181818182,True,9,11,1,1,1,1,0,1,1,1,1,1,0
quiz_302382_sibling_2,article_101047,0.18181818181818182,False,2,11,0,0,0,0,0,0,0,0,1,1,0
quiz_302382_sibling_3,article_101047,0.9090909090909091,True,10,11,1,1,1,1,1,1,1,1,1,1,0
quiz_302382_sibling_4,article_101047,0.8181818181818182,True,9,11,1,1,1,1,0,1,1,1,1,1,0
quiz_302387,article_101048,0.9090909090909091,True,10,11,1,1,1,1,0,1,1,1,1,1,1
quiz_302387_sibling_1,article_101048,0.7272727272727273,False,8,11,1,0,1,1,0,1,1,1,0,1,1
quiz_302387_sibling_2,article_101048,0.7272727272727273,False,8,11,1,0,1,1,0,1,1,1,1,1,0
quiz_302387_sibling_3,article_101048,0.8181818181818182,True,9,11,1,1,1,1,0,1,1,1,1,1,0
quiz_302387_sibling_4,article_101048,0.7272727272727273,False,8,11,1,1,1,1,0,1,1,1,0,1,0
quiz_302388,article_101048,0.8181818181818182,True,9,11,1,1,1,1,1,1,1,1,0,1,0
quiz_302388_sibling_1,article_101048,0.9090909090909091,True,10,11,1,1,1,1,1,1,1,1,1,1,0
quiz_302388_sibling_2,article_101048,0.9090909090909091,True,10,11,1,1,1,1,1,1,1,1,0,1,1
quiz_302388_sibling_3,article_101048,0.9090909090909091,True,10,11,1,1,1,1,0,1,1,1,1,1,1
quiz_302388_sibling_4,article_101048,0.9090909090909091,True,10,11,1,1,1,1,0,1,1,1,1,1,1
quiz_302389,article_101048,0.9090909090909091,True,10,11,1,1,1,1,1,1,1,1,1,1,0
quiz_302389_sibling_1,article_101048,0.9090909090909091,True,10,11,1,1,1,1,1,1,1,1,1,1,0
quiz_302389_sibling_2,article_101048,0.9090909090909091,True,10,11,1,0,1,1,1,1,1,1,1,1,1
quiz_302389_sibling_3,article_101048,0.8181818181818182,True,9,11,1,0,1,1,1,1,1,1,1,1,0
quiz_302389_sibling_4,article_101048,1.0,True,11,11,1,1,1,1,1,1,1,1,1,1,1
quiz_302390,article_101048,0.9090909090909091,True,10,11,1,1,1,1,1,1,1,1,1,1,0
quiz_302390_sibling_1,article_101048,0.9090909090909091,True,10,11,1,1,1,1,1,1,1,1,1,1,0
quiz_302390_sibling_2,article_101048,0.9090909090909091,True,10,11,1,1,1,1,1,1,1,1,1,1,0
quiz_302390_sibling_3,article_101048,0.9090909090909091,True,10,11,1,1,1,1,1,1,1,1,1,1,0
quiz_302390_sibling_4,article_101048,0.9090909090909091,True,10,11,1,1,1,1,1,1,1,1,1,1,0
quiz_302395,article_101049,0.8181818181818182,True,9,11,1,0,1,1,1,1,1,1,1,1,0
quiz_302395_sibling_1,article_101049,0.9090909090909091,True,10,11,1,1,1,1,1,1,1,1,1,1,0
quiz_302395_sibling_2,article_101049,0.8181818181818182,True,9,11,1,1,1,1,1,1,1,1,0,1,0
quiz_302395_sibling_3,article_101049,0.9090909090909091,True,10,11,1,0,1,1,1,1,1,1,1,1,1
quiz_302395_sibling_4,article_101049,0.8181818181818182,True,9,11,1,1,1,1,1,1,1,1,0,1,0
quiz_302396,article_101049,0.7272727272727273,False,8,11,1,1,1,1,0,1,1,1,0,1,0
quiz_302396_sibling_1,article_101049,0.8181818181818182,True,9,11,1,1,1,1,0,1,1,1,1,1,0
quiz_302396_sibling_2,article_101049,0.7272727272727273,False,8,11,1,0,1,1,0,1,1,1,1,1,0
quiz_302396_sibling_3,article_101049,0.8181818181818182,True,9,11,1,0,1,1,1,1,1,1,1,1,0
quiz_302396_sibling_4,article_101049,0.8181818181818182,True,9,11,1,1,1,1,0,1,1,1,1,1,0
quiz_302397,article_101049,0.9090909090909091,True,10,11,1,1,1,1,1,1,1,1,1,1,0
quiz_302397_sibling_1,article_101049,0.8181818181818182,True,9,11,1,0,1,1,1,1,1,1,1,1,0
quiz_302397_sibling_2,article_101049,0.8181818181818182,True,9,11,1,1,1,1,1,1,1,1,0,1,0
quiz_302397_sibling_3,article_101049,0.8181818181818182,True,9,11,1,0,1,1,1,1,1,1,1,1,0
quiz_302397_sibling_4,article_101049,0.8181818181818182,True,9,11,1,1,1,1,1,1,1,1,0,1,0
quiz_302398,article_101049,0.8181818181818182,True,9,11,1,0,1,1,0,1,1,1,1,1,1
quiz_302398_sibling_1,article_101049,0.7272727272727273,False,8,11,1,0,0,1,1,1,1,1,1,1,0
quiz_302398_sibling_2,article_101049,0.9090909090909091,True,10,11,1,1,1,1,1,1,1,1,1,1,0
quiz_302398_sibling_3,article_101049,0.6363636363636364,False,7,11,0,1,0,1,1,1,1,1,0,1,0
quiz_302398_sibling_4,article_101049,0.9090909090909091,True,10,11,1,1,1,1,1,1,1,1,1,1,0
quiz_302399,article_101049,0.9090909090909091,True,10,11,1,1,1,1,1,1,1,1,1,1,0
quiz_302399_sibling_1,article_101049,0.6363636363636364,False,7,11,1,0,1,1,0,1,1,0,1,1,0
quiz_302399_sibling_2,article_101049,0.6363636363636364,False,7,11,1,0,1,1,0,1,1,1,0,1,0
quiz_302399_sibling_3,article_101049,0.8181818181818182,True,9,11,1,1,1,1,1,1,1,1,0,1,0
quiz_302399_sibling_4,article_101049,0.7272727272727273,False,8,11,1,0,1,1,1,1,1,0,1,1,0
quiz_302404,article_101050,1.0,True,11,11,1,1,1,1,1,1,1,1,1,1,1
quiz_302404_sibling_1,article_101050,0.9090909090909091,True,10,11,1,1,1,1,1,1,1,1,0,1,1
quiz_302404_sibling_2,article_101050,0.8181818181818182,True,9,11,1,1,1,1,0,1,1,1,0,1,1
quiz_302404_sibling_3,article_101050,0.9090909090909091,True,10,11,1,0,1,1,1,1,1,1,1,1,1
quiz_302404_sibling_4,article_101050,0.7272727272727273,False,8,11,1,1,1,1,0,0,0,1,1,1,1
quiz_302405,article_101050,1.0,True,11,11,1,1,1,1,1,1,1,1,1,1,1
quiz_302405_sibling_1,article_101050,1.0,True,11,11,1,1,1,1,1,1,1,1,1,1,1
quiz_302405_sibling_2,article_101050,0.8181818181818182,True,9,11,1,1,1,1,0,1,1,1,1,1,0
quiz_302405_sibling_3,article_101050,0.8181818181818182,True,9,11,1,1,1,1,0,1,1,1,0,1,1
quiz_302405_sibling_4,article_101050,0.9090909090909091,True,10,11,1,1,1,1,0,1,1,1,1,1,1
quiz_302406,article_101050,0.9090909090909091,True,10,11,1,1,1,1,0,1,1,1,1,1,1
quiz_302406_sibling_1,article_101050,0.7272727272727273,False,8,11,1,1,1,1,0,0,0,1,1,1,1
quiz_302406_sibling_2,article_101050,0.8181818181818182,True,9,11,1,0,1,1,0,1,1,1,1,1,1
quiz_302406_sibling_3,article_101050,0.9090909090909091,True,10,11,1,1,1,1,0,1,1,1,1,1,1
quiz_302406_sibling_4,article_101050,0.36363636363636365,False,4,11,0,0,0,1,0,0,0,0,1,1,1
quiz_302407,article_101050,0.9090909090909091,True,10,11,0,1,1,1,1,1,1,1,1,1,1
quiz_302407_sibling_1,article_101050,0.9090909090909091,True,10,11,1,1,1,1,1,1,1,1,1,1,0
quiz_302407_sibling_2,article_101050,1.0,True,11,11,1,1,1,1,1,1,1,1,1,1,1
quiz_302407_sibling_3,article_101050,0.8181818181818182,True,9,11,1,1,1,1,1,1,1,1,0,1,0
quiz_302407_sibling_4,article_101050,0.8181818181818182,True,9,11,1,1,1,1,1,1,1,1,0,1,0
